facility_id,medicine,stock_level,days_of_stock_left,stockout_risk_score
BHAG-CHC-1,Rifapentine,0.0,0.0,0.9995410835547526
ARAR-PHC-2,Influenza Vaccine (Seasonal),0.0,0.0,0.999519169300728
JALN-CHC-1,Artemether,0.0,0.0,0.999505873754492
JALN-CHC-1,Pertussis Vaccine,0.0,0.0,0.9993914636720693
BHAG-PHC-3,Amoxicillin,0.0,0.0,0.999362166461737
ARAR-PHC-3,Pneumococcal Vaccine,0.0,0.0,0.9993555407538778
BARA-CHC-1,Influenza Vaccine (Seasonal),0.0,0.0,0.9992970578193039
JALN-PHC-3,Influenza Vaccine (Seasonal),0.0,0.0,0.9992936854182738
ARAR-PHC-2,Meropenem,0.0,0.0,0.9992014401716736
JALN-PHC-2,"Insulin (Analogue, Rapid-Acting)",0.0,0.0,0.9991943389922434
BHAG-CHC-1,Poliomyelitis Vaccine,0.0,0.0,0.9991876223020488
JALN-CHC-1,Flucloxacillin,0.0,0.0,0.9991871221891527
JALN-PHC-4,Influenza Vaccine (Seasonal),0.0,0.0,0.9991870732171186
BHAG-PHC-3,Metronidazole,0.0,0.0,0.9991847822662879
BHAG-CHC-1,Flucloxacillin,0.0,0.0,0.9991554691352793
BHAG-PHC-2,Flucloxacillin,0.0,0.0,0.9991269134134356
ARAR-PHC-2,Flucloxacillin,0.0,0.0,0.9990795026253235
ARAR-CHC-1,Bedaquiline,0.0,0.0,0.9990550951715935
DARB-CHC-1,Terizidone,0.0,0.0,0.9990298303343558
SRI-PHC-2,"Insulin (Analogue, Long-Acting)",0.0,0.0,0.9990224257814022
JALN-PHC-4,Meropenem,0.0,0.0,0.9990168489675436
BHAG-CHC-1,Imipenem + Cilastatin,0.0,0.0,0.9990098037607585
DARB-PHC-3,Pertussis Vaccine,0.0,0.0,0.99895889670672
BHAG-PHC-2,Pneumococcal Vaccine,0.0,0.0,0.9989509947607954
AZAM-CHC-1,Pertussis Vaccine,0.0,0.0,0.9988992987788105
ARAR-PHC-3,Spectinomycin,0.0,0.0,0.9988238532602981
BARA-PHC-4,Terizidone,45.6,0.6629283489096572,0.9988014843631561
VADO-CHC-1,Rifapentine,1.2,0.032634032634032625,0.9987851666951865
JALN-PHC-3,Rabies Vaccine,0.0,0.0,0.9987526477158924
BHAG-CHC-1,"Insulin (Analogue, Long-Acting)",0.0,0.0,0.9987432680435036
JALN-CHC-1,Rifapentine,0.0,0.0,0.998732892776421
ARAR-PHC-2,Pretomanid,0.0,0.0,0.998671816718555
DARB-PHC-3,Flucloxacillin,0.0,0.0,0.998666607277781
VADO-CHC-1,Imipenem + Cilastatin,0.0,0.0,0.998660151540557
BARA-PHC-3,Erythropoiesis-Stimulating Agents,0.0,0.0,0.9986549402740181
ARAR-PHC-4,"Insulin (Analogue, Long-Acting)",6.6,0.18153241650294696,0.9986513692123421
BHAG-PHC-2,Erythropoiesis-Stimulating Agents,0.0,0.0,0.9986342334115665
DARB-PHC-3,Bedaquiline,0.0,0.0,0.9986145934186488
SHIM-CHC-1,Bedaquiline,0.0,0.0,0.9986083228947786
AZAM-PHC-2,Quinine,0.0,0.0,0.9986033107003394
AZAM-PHC-3,Pneumococcal Vaccine,0.0,0.0,0.9985070256978006
UTTA-PHC-3,Artesunate + Mefloquine,0.0,0.0,0.998393389505529
AZAM-PHC-4,Meropenem,0.0,0.0,0.998393389505529
ARAR-PHC-4,Pretomanid,9.4,0.21587926509186356,0.9983548666983632
GHAZ-PHC-4,Meropenem,0.0,0.0,0.9983293911437086
DARB-CHC-1,Haemophilus Influenzae Type B Vaccine,14.9,0.3591597796143251,0.9983277286112087
ALLA-PHC-3,Respiratory Syncytial Virus Vaccine,0.0,0.0,0.9982804622653944
GHAZ-CHC-1,Mpox Vaccine,0.0,0.0,0.9982206841731647
ALLA-PHC-4,Typhoid Vaccine,0.0,0.0,0.998201361054865
BHAG-CHC-1,Influenza Vaccine (Seasonal),0.0,0.0,0.998201361054865
SRI-PHC-3,Flucloxacillin,0.0,0.0,0.998181919420858
BHAG-CHC-1,Pneumococcal Vaccine,0.0,0.0,0.998181919420858
ARAR-PHC-4,Hydralazine,32.7,0.6828758949880669,0.9981807098982439
GHAZ-CHC-1,Bedaquiline,0.0,0.0,0.9981767133843422
VADO-PHC-2,Artemether,0.0,0.0,0.9981643939394528
SRI-PHC-2,Typhoid Vaccine,0.0,0.0,0.9981565738714836
BARA-PHC-4,Flucloxacillin,0.0,0.0,0.998154312348655
PUDU-PHC-3,Haemophilus Influenzae Type B Vaccine,0.0,0.0,0.9981165096089829
DARB-CHC-1,Erythropoiesis-Stimulating Agents,0.0,0.0,0.9980697917005146
AZAM-CHC-1,Typhoid Vaccine,0.0,0.0,0.9980692502857207
SRI-PHC-4,Influenza Vaccine (Seasonal),0.0,0.0,0.9980692502857207
SRI-CHC-1,Artemether,0.0,0.0,0.9980692502857207
DARB-PHC-3,Hydralazine,0.0,0.0,0.9980426166654283
ALLA-PHC-3,Meropenem,0.0,0.0,0.9980334750845773
SRI-CHC-1,Rabies Vaccine,0.0,0.0,0.9980228560295384
ARAR-PHC-3,Artesunate + Mefloquine,11.0,0.25598404255319146,0.9980109098755505
GHAZ-CHC-1,Poliomyelitis Vaccine,0.0,0.0,0.9979987526945261
ALLA-PHC-2,"Insulin (Analogue, Long-Acting)",26.4,0.4861878453038674,0.9979393631079745
ARAR-CHC-1,Chloroquine,15.0,0.2936241610738255,0.9979319382855968
JODH-PHC-3,Poliomyelitis Vaccine,4.9,0.1488715277777778,0.9978957013855511
GHAZ-PHC-3,"Insulin (Analogue, Long-Acting)",50.1,1.0174064403829417,0.9978313891707378
GHAZ-PHC-3,Typhoid Vaccine,0.0,0.0,0.9977835994615473
VADO-PHC-2,Imipenem + Cilastatin,0.0,0.0,0.9977320119711086
PUDU-CHC-1,Chloroquine,0.0,0.0,0.9976975468432318
SHIM-PHC-4,Typhoid Vaccine,1.9,0.06607054148037754,0.9975472812898319
GHAZ-CHC-1,Spectinomycin,16.3,0.307630088972769,0.997487668306072
VADO-CHC-1,Influenza Vaccine (Seasonal),0.0,0.0,0.9973842844181056
VADO-PHC-2,Chloramphenicol,0.0,0.0,0.9973752502139284
JALN-PHC-2,Umeclidinium,14.2,0.48042532624456263,0.99736431758306
AZAM-PHC-3,Quinine,17.7,0.3875508289020957,0.9973068862953252
JODH-PHC-3,Chloramphenicol,22.0,0.5973622963537626,0.9972706692806889
SANG-PHC-4,Metronidazole,4.7,0.158097068716963,0.9972137325380249
AZAM-PHC-3,Chloramphenicol,10.8,0.2653562653562654,0.9972111407399877
DARB-CHC-1,Quinine,35.3,1.0967598757212602,0.997198869897904
JALN-CHC-1,Ethionamide,37.7,1.0723283218203983,0.9971367881693463
DARB-PHC-4,Haemophilus Influenzae Type B Vaccine,11.1,0.3823818897637795,0.9970961953636654
SHIM-CHC-1,Flucloxacillin,0.0,0.0,0.9970905131061771
SRI-PHC-4,Pretomanid,38.2,0.6263762005153433,0.9970703555126684
PUDU-PHC-3,Prednisolone,0.0,0.0,0.9970480115157727
ARAR-PHC-2,Clofazimine,17.9,0.6206042595344229,0.997024641894993
GHAZ-PHC-3,Metronidazole,76.9,2.1076742364917775,0.9970228778205855
KOZH-PHC-3,Pneumococcal Vaccine,8.6,0.31584470094438616,0.9969877933503235
AZAM-PHC-4,Prednisolone,16.5,0.5372093023255814,0.996851773547331
ARAR-PHC-3,Amoxicillin,23.1,0.6097285067873304,0.9968468062282382
BHAG-CHC-1,Terizidone,22.5,0.5301245371928645,0.9968052207332975
BHAG-PHC-3,Chloramphenicol,58.5,1.14321608040201,0.9967996480706465
ARAR-PHC-4,Spectinomycin,36.5,1.3504228329809724,0.9967910981117881
JALN-PHC-4,Rifapentine,101.4,2.192093885114268,0.9967832064687125
PUDU-PHC-3,Quinine,26.3,0.6902887139107612,0.996666272020479
BARA-PHC-2,Chloramphenicol,52.9,2.1604434072345393,0.9966555561779431
DARB-PHC-3,Influenza Vaccine (Seasonal),47.5,1.1233108108108107,0.9966328932899781
VADO-CHC-1,Amoxicillin,22.4,0.8883852691218129,0.9964865982520309
AZAM-PHC-2,Rifapentine,78.9,2.720689655172414,0.9964810836069166
DARB-CHC-1,Umeclidinium,0.9,0.0280124499777679,0.9963786597492854
ALLA-PHC-3,Imipenem + Cilastatin,10.1,0.29178704085843993,0.9963758766934651
ARAR-PHC-3,"Insulin (Analogue, Long-Acting)",62.4,1.5161402290871224,0.9963588673521349
BHAG-CHC-1,Pretomanid,18.3,0.51925415484394,0.9962369284388071
PUDU-PHC-4,Metronidazole,74.9,2.17823016202742,0.9962053872813554
SANG-CHC-1,Prednisolone,12.4,0.46842957366432814,0.996116878209709
JALN-PHC-4,Erythropoiesis-Stimulating Agents,21.0,1.0769230769230769,0.9960781423767786
JALN-PHC-3,Rifapentine,71.6,1.5037503750375036,0.9960387658933515
SANG-PHC-3,Terizidone,62.0,1.3444857496902107,0.995970218219278
SANG-PHC-2,"Insulin (Analogue, Rapid-Acting)",38.0,0.7341981783052718,0.9959635143323401
BARA-PHC-3,Chloramphenicol,35.7,1.4691358024691359,0.9959228105818811
VADO-PHC-2,Quinine,18.5,0.5362318840579711,0.9958615126695064
ARAR-CHC-1,Spectinomycin,29.8,1.239453357100416,0.9958401571913921
SRI-PHC-4,Terizidone,60.7,1.596168294515402,0.9957703757393286
JODH-CHC-1,Artemether,29.2,1.010880316518299,0.9957259735930158
AZAM-PHC-4,Mometasone + Formoterol,16.6,0.8212014134275619,0.9956603229220972
JALN-PHC-3,Artesunate + Mefloquine,140.0,2.7785653529912104,0.9956484938080649
VADO-CHC-1,Chloramphenicol,56.1,1.3217771794008755,0.9956392027000124
SANG-PHC-2,Isoniazid + Pyrazinamide + Rifampicin,77.3,2.4935483870967743,0.9955988132501477
JALN-PHC-3,Hydralazine,29.7,0.846498371335505,0.9955383677511332
ALLA-PHC-2,Clofazimine,57.3,2.033975659229209,0.9955055392022935
SANG-PHC-4,Pneumococcal Vaccine,61.0,2.0094117647058822,0.995503855573112
ARAR-PHC-2,Bedaquiline,38.7,1.188679245283019,0.9954895956753576
SANG-PHC-3,Pertussis Vaccine,90.9,2.6336920529801326,0.995477112691082
ARAR-CHC-1,Umeclidinium,58.9,1.2516697024893744,0.9954171421403357
KOZH-PHC-4,Ethionamide,43.6,1.5267633816908455,0.9953349873929277
JODH-PHC-4,Clofazimine,34.3,1.4403119376124776,0.9949753003657954
DARB-PHC-2,Mometasone + Formoterol,32.1,1.1832543443917853,0.9948989947115848
ARAR-PHC-4,Pneumococcal Vaccine,46.1,1.5301090564248458,0.9947879119813604
VADO-PHC-4,Terizidone,45.5,1.4590013742556116,0.9946820066447242
BHAG-PHC-4,Pretomanid,83.5,1.9450915141430947,0.9946775320650532
VADO-PHC-4,Isoniazid + Pyrazinamide + Rifampicin,101.5,2.6471684053651265,0.9945647631621315
UTTA-PHC-3,"Insulin (Analogue, Rapid-Acting)",22.5,0.9303012404016539,0.9945583809922797
ALLA-PHC-3,Human Papilloma Virus (Hpv) Vaccine,67.3,2.2065573770491804,0.9945024654946136
GHAZ-CHC-1,Terizidone,76.5,1.9050160085378869,0.9944778782527779
KOZH-PHC-3,Haemophilus Influenzae Type B Vaccine,49.5,1.5503355704697988,0.9944393195563671
BARA-PHC-3,Influenza Vaccine (Seasonal),83.2,1.6871378910776358,0.9944284252186206
ARAR-PHC-2,Pneumococcal Vaccine,81.1,1.965039806161301,0.9943811244434453
SHIM-PHC-3,Bedaquiline,82.0,2.0933625091174326,0.9941808967621106
JALN-PHC-2,Quinine,134.0,2.607003891050584,0.9939146646591568
JALN-CHC-1,Hydralazine,43.7,0.9807630650849632,0.9938426277700222
ALLA-PHC-4,Chloroquine,63.7,1.926133909287257,0.9937928957150243
JALN-PHC-2,Amoxicillin,60.3,1.6605035405192763,0.9936489070913898
UTTA-PHC-2,Pneumococcal Vaccine,38.8,1.122314049586777,0.9934146566066628
ARAR-PHC-2,Spectinomycin,79.1,2.906561679790026,0.9933908380164168
AZAM-PHC-3,Flucloxacillin,47.1,1.830649639089395,0.9933629375547423
UTTA-PHC-4,Metronidazole,41.9,1.6514639639639639,0.9932994736374526
VADO-PHC-4,Spectinomycin,25.3,1.0284552845528456,0.9931479701620868
ALLA-PHC-2,Isoniazid + Pyrazinamide + Rifampicin,97.6,2.429587482219061,0.9928186390473893
ARAR-CHC-1,Amoxicillin,67.4,1.884938074310827,0.9927967199111684
BHAG-PHC-3,Isoniazid + Pyrazinamide + Rifampicin,116.5,2.2659071964434565,0.9927172542355976
DARB-PHC-3,Quinine,66.0,2.5853385562395075,0.9925603312616013
BHAG-CHC-1,Chloramphenicol,0.0,0.0,0.9925584931031831
ARAR-PHC-3,Chloroquine,0.0,0.0,0.9925156376638871
ALLA-CHC-1,Chloroquine,51.1,2.1115702479338845,0.9924841814638707
SHIM-PHC-2,Haemophilus Influenzae Type B Vaccine,58.2,1.8585766423357666,0.9923202340487534
SANG-PHC-4,Poliomyelitis Vaccine,55.9,2.4289261328367475,0.9922775128508208
BARA-PHC-3,Typhoid Vaccine,76.4,3.380530973451328,0.9922634454097584
BHAG-PHC-4,Pneumococcal Vaccine,53.4,1.4137670196671712,0.9921564723675177
DARB-PHC-3,Clofazimine,49.3,2.2839179351422896,0.9921432606827063
ALLA-CHC-1,Artesunate + Mefloquine,83.6,2.2318840579710146,0.9918797384475976
AZAM-PHC-4,Rifapentine,67.9,2.0782684739833845,0.9918137550925101
VADO-PHC-2,Haemophilus Influenzae Type B Vaccine,0.0,0.0,0.9917852520302541
BHAG-PHC-4,Ethionamide,128.6,3.1530647985989493,0.9915112864689549
ARAR-PHC-3,"Insulin (Analogue, Rapid-Acting)",0.0,0.0,0.9914509354644915
PUDU-PHC-4,Quinine,47.9,1.5906072106261857,0.9913059991055461
SANG-PHC-3,Imipenem + Cilastatin,84.9,3.3127090301003346,0.9911431123248443
ARAR-PHC-2,Chloramphenicol,0.0,0.0,0.9910597970077281
ARAR-PHC-4,Ethionamide,0.0,0.0,0.9910468411888251
VADO-CHC-1,Chloroquine,91.0,1.9180969587473653,0.9908394703681346
BARA-CHC-1,Chloroquine,50.2,1.7267813267813268,0.9906893866217229
JODH-PHC-2,Typhoid Vaccine,47.3,1.7762875536480685,0.9906609266018417
SANG-PHC-2,Umeclidinium,62.1,2.795498392282958,0.9904553297335524
ARAR-CHC-1,Mpox Vaccine,0.0,0.0,0.9903258272895981
DARB-PHC-3,Chloramphenicol,0.0,0.0,0.990292106290322
VADO-CHC-1,"Insulin (Analogue, Rapid-Acting)",80.5,2.857505070993915,0.9902338880467771
DARB-PHC-4,"Insulin (Analogue, Rapid-Acting)",51.5,2.044809982983551,0.9897322644561903
UTTA-PHC-4,Pneumococcal Vaccine,51.9,2.076,0.9897139361075016
JALN-PHC-2,Budesonide + Salmeterol,63.9,3.0243407707910754,0.98866557218097
ARAR-PHC-3,Ethionamide,0.0,0.0,0.988176876375642
GHAZ-PHC-3,Mpox Vaccine,96.5,2.8299120234604103,0.9880964389220955
JODH-PHC-2,Pretomanid,64.5,2.2384729796727814,0.9880100775259494
JALN-CHC-1,Poliomyelitis Vaccine,0.0,0.0,0.9879158676419014
BHAG-CHC-1,Metronidazole,0.0,0.0,0.9878380547753556
JALN-PHC-4,"Insulin (Analogue, Rapid-Acting)",0.0,0.0,0.9877924156417228
ARAR-CHC-1,Haemophilus Influenzae Type B Vaccine,0.0,0.0,0.9875076779581652
ARAR-PHC-3,Influenza Vaccine (Seasonal),0.0,0.0,0.9874126734767087
SRI-PHC-2,Isoniazid + Pyrazinamide + Rifampicin,93.5,2.8444154715341154,0.9873277274476367
VADO-PHC-2,Terizidone,93.6,2.678659035159444,0.9870963310600648
KOZH-CHC-1,Artemether,65.4,3.1703601108033244,0.9869511667410127
DARB-CHC-1,Artesunate + Mefloquine,0.0,0.0,0.9866558404075855
DARB-CHC-1,Pretomanid,81.9,2.1715909090909093,0.986349800316049
BARA-PHC-3,Bedaquiline,0.0,0.0,0.9860347388609114
BHAG-PHC-4,Isoniazid + Pyrazinamide + Rifampicin,0.0,0.0,0.9859571881789505
ARAR-PHC-4,Influenza Vaccine (Seasonal),120.8,3.6861377506538795,0.9857314100059801
BHAG-CHC-1,Clofazimine,0.0,0.0,0.9853302359681617
DARB-CHC-1,Rifapentine,104.2,2.497945205479452,0.9850942758395658
DARB-PHC-2,Meropenem,128.6,3.3880316146029354,0.9848369884294693
BARA-CHC-1,Rifapentine,0.0,0.0,0.9845725613844474
DARB-PHC-2,Mpox Vaccine,0.0,0.0,0.9845710967397078
JODH-PHC-3,Artesunate + Mefloquine,104.4,3.3615455381784733,0.9845178331532857
AZAM-PHC-2,Mpox Vaccine,0.0,0.0,0.9845150980049626
DARB-PHC-3,Artesunate + Mefloquine,0.0,0.0,0.9843643815997265
JALN-PHC-4,Terizidone,0.0,0.0,0.984359929997501
ARAR-PHC-4,Isoniazid + Pyrazinamide + Rifampicin,0.0,0.0,0.9843345176813667
BHAG-PHC-3,Quinine,0.0,0.0,0.9843054572077272
DARB-PHC-2,Imipenem + Cilastatin,0.0,0.0,0.9839237531693827
VADO-CHC-1,Ethionamide,0.0,0.0,0.9839033174318356
BHAG-PHC-2,Pertussis Vaccine,104.1,2.559536354056902,0.9838664977672978
ARAR-PHC-3,Mpox Vaccine,0.0,0.0,0.9835258798871023
JALN-PHC-3,Pneumococcal Vaccine,0.0,0.0,0.9830411903628214
VADO-PHC-3,Hydralazine,98.2,3.8968253968253976,0.9829959877447213
JALN-CHC-1,Quinine,0.0,0.0,0.9829039700563776
GHAZ-PHC-2,Typhoid Vaccine,0.0,0.0,0.9827997614782377
KOZH-CHC-1,Pretomanid,58.9,2.897399859451862,0.9827626570995724
GHAZ-PHC-4,Terizidone,0.0,0.0,0.9826613126152963
JALN-PHC-3,Pertussis Vaccine,108.0,3.0694275274056033,0.9825877980589985
JALN-PHC-4,Rabies Vaccine,0.0,0.0,0.9822640100682444
BARA-PHC-2,Rifapentine,0.0,0.0,0.9822469519246485
JALN-PHC-4,Bedaquiline,110.2,2.9487767584097857,0.9821663159210401
BHAG-PHC-3,Rabies Vaccine,0.0,0.0,0.9818221962465987
JALN-CHC-1,Typhoid Vaccine,0.0,0.0,0.9814123161373325
SRI-PHC-2,Respiratory Syncytial Virus Vaccine,106.9,3.4531610521458243,0.9813388190687332
BARA-PHC-2,Imipenem + Cilastatin,0.0,0.0,0.9812895707539913
SRI-PHC-4,Quinine,105.1,2.6181494661921705,0.9812357560318042
BHAG-PHC-2,Rifapentine,0.0,0.0,0.9811858295164616
BARA-PHC-3,Artemether,0.0,0.0,0.980999257480268
ARAR-PHC-4,Respiratory Syncytial Virus Vaccine,0.0,0.0,0.9807480319893553
BARA-PHC-2,Typhoid Vaccine,0.0,0.0,0.9806919961012223
SRI-PHC-4,Human Papilloma Virus (Hpv) Vaccine,135.5,3.1637758505670446,0.9806721940490251
BHAG-PHC-2,Terizidone,0.0,0.0,0.9805976829144626
BARA-CHC-1,Pertussis Vaccine,0.0,0.0,0.9805856970611012
BHAG-PHC-2,Pretomanid,0.0,0.0,0.9805604480123651
ARAR-PHC-2,"Insulin (Analogue, Rapid-Acting)",0.0,0.0,0.9804840253134703
GHAZ-PHC-3,Haemophilus Influenzae Type B Vaccine,0.0,0.0,0.9803472669730818
ARAR-CHC-1,Typhoid Vaccine,75.1,3.5592417061611377,0.9802692903779656
ALLA-CHC-1,Imipenem + Cilastatin,0.0,0.0,0.9801267168581703
GHAZ-PHC-2,Clofazimine,0.0,0.0,0.9801267168581703
ARAR-CHC-1,Pertussis Vaccine,0.0,0.0,0.9800553878288766
GHAZ-CHC-1,Influenza Vaccine (Seasonal),0.0,0.0,0.9800530277747981
JODH-CHC-1,Human Papilloma Virus (Hpv) Vaccine,105.7,3.2423312883435584,0.9800511063780252
JALN-CHC-1,Terizidone,0.0,0.0,0.9798354471375685
BHAG-PHC-4,"Insulin (Analogue, Long-Acting)",104.5,2.822145061728395,0.9797806345853707
SANG-CHC-1,Flucloxacillin,0.0,0.0,0.979721356737428
AZAM-PHC-4,Imipenem + Cilastatin,0.0,0.0,0.9794412713863304
BARA-PHC-3,Spectinomycin,0.0,0.0,0.9791363187794129
JALN-CHC-1,Isoniazid + Pyrazinamide + Rifampicin,0.0,0.0,0.979085062909703
BHAG-PHC-4,Amoxicillin,0.0,0.0,0.9790481117838774
BHAG-PHC-3,Human Papilloma Virus (Hpv) Vaccine,0.0,0.0,0.9790431443025911
SHIM-PHC-2,Bedaquiline,95.8,2.661111111111111,0.9789267935535959
ARAR-PHC-3,Typhoid Vaccine,0.0,0.0,0.9783917370603009
SHIM-CHC-1,Poliomyelitis Vaccine,73.8,2.950314106225014,0.9783088629586639
BARA-PHC-3,Amoxicillin,134.4,3.8462796402289454,0.9778478100540124
BHAG-PHC-4,Poliomyelitis Vaccine,0.0,0.0,0.9774433960659921
VADO-PHC-3,Phenytoin,0.0,0.0,0.9774167393275236
DARB-CHC-1,Prednisolone,96.3,3.7596207473508083,0.9773665913046596
BARA-PHC-3,Rabies Vaccine,0.0,0.0,0.9773373383019467
PUDU-PHC-3,Flucloxacillin,67.6,2.752763234438627,0.9773052452455486
BHAG-PHC-2,Rabies Vaccine,0.0,0.0,0.9771769832660078
BHAG-PHC-2,Clofazimine,0.0,0.0,0.9771105519086448
GHAZ-PHC-2,Chloramphenicol,0.0,0.0,0.9770152644207948
SANG-PHC-3,Rabies Vaccine,126.5,3.0972367960825467,0.9767948715886995
DARB-PHC-3,Poliomyelitis Vaccine,0.0,0.0,0.9767291781316807
ARAR-PHC-4,"Insulin (Analogue, Rapid-Acting)",0.0,0.0,0.9766938835712327
BHAG-PHC-3,Artemether,0.0,0.0,0.976685727286125
ARAR-PHC-3,Umeclidinium,0.0,0.0,0.9765831825853082
SHIM-PHC-2,Quinine,140.9,3.3422568620806508,0.9765393096480688
BARA-PHC-3,Human Papilloma Virus (Hpv) Vaccine,0.0,0.0,0.9764795220835374
GHAZ-PHC-4,Pneumococcal Vaccine,0.0,0.0,0.9764686037981616
SRI-PHC-4,"Insulin (Analogue, Rapid-Acting)",105.2,3.1578044596912527,0.9761468024406462
JALN-PHC-2,Poliomyelitis Vaccine,0.0,0.0,0.9759960590401926
BARA-CHC-1,Isoniazid + Pyrazinamide + Rifampicin,0.0,0.0,0.9759330715504654
ARAR-PHC-2,Umeclidinium,0.0,0.0,0.9759099568040539
JALN-CHC-1,Metronidazole,0.0,0.0,0.9758082629491637
DARB-PHC-3,Chloroquine,0.0,0.0,0.9757895145429584
ARAR-CHC-1,Artesunate + Mefloquine,0.0,0.0,0.975754864577856
DARB-PHC-3,Respiratory Syncytial Virus Vaccine,0.0,0.0,0.9756432018285264
BHAG-PHC-4,Artemether,0.0,0.0,0.9755968845515087
BARA-PHC-4,Human Papilloma Virus (Hpv) Vaccine,0.0,0.0,0.9755815021500376
JALN-PHC-3,Terizidone,0.0,0.0,0.9752771233662572
DARB-PHC-4,Rabies Vaccine,0.0,0.0,0.975273669663939
KOZH-PHC-4,Pertussis Vaccine,75.7,2.8141263940520447,0.9752356938088081
BHAG-PHC-2,Chloramphenicol,0.0,0.0,0.9751866286073115
ALLA-PHC-2,Influenza Vaccine (Seasonal),4.7,0.12117863720073666,0.9748956392766454
ARAR-PHC-3,Respiratory Syncytial Virus Vaccine,0.0,0.0,0.9748308096873995
VADO-PHC-3,Pneumococcal Vaccine,0.0,0.0,0.9747481229168723
ARAR-CHC-1,Chloramphenicol,0.0,0.0,0.9747412619476165
DARB-PHC-2,Isoniazid + Pyrazinamide + Rifampicin,0.0,0.0,0.9745444329909588
VADO-PHC-3,Terizidone,0.0,0.0,0.9744779866745262
GHAZ-PHC-2,Amoxicillin,0.0,0.0,0.9744544327712334
DARB-PHC-3,Imipenem + Cilastatin,0.0,0.0,0.9744103106862434
GHAZ-PHC-4,Pretomanid,0.0,0.0,0.974262411696793
BARA-CHC-1,Metronidazole,0.0,0.0,0.9741673838782645
JALN-PHC-3,Haemophilus Influenzae Type B Vaccine,0.0,0.0,0.9741531083475955
JALN-PHC-4,Poliomyelitis Vaccine,0.0,0.0,0.9741008224963122
BHAG-CHC-1,Human Papilloma Virus (Hpv) Vaccine,0.0,0.0,0.9739450694411228
ARAR-PHC-4,Terizidone,0.0,0.0,0.973830564859247
ARAR-PHC-2,Human Papilloma Virus (Hpv) Vaccine,0.0,0.0,0.9737884209463316
GHAZ-PHC-3,Bedaquiline,0.0,0.0,0.9736819994867812
JALN-PHC-3,Metronidazole,0.0,0.0,0.9736247734284955
JALN-CHC-1,Chloroquine,0.0,0.0,0.9735596592727244
JODH-PHC-3,Imipenem + Cilastatin,101.3,3.2290528233151186,0.9735537368770543
JALN-PHC-4,Pertussis Vaccine,0.0,0.0,0.9734371395333785
ALLA-CHC-1,Mpox Vaccine,0.0,0.0,0.9734259217589717
AZAM-PHC-4,Spectinomycin,0.0,0.0,0.9733936874435102
JALN-PHC-2,Ethionamide,100.9,3.195927601809955,0.9733811178235268
GHAZ-PHC-3,Artesunate + Mefloquine,0.0,0.0,0.9732805746438202
ALLA-PHC-3,"Insulin (Analogue, Long-Acting)",0.0,0.0,0.9732789185838102
AZAM-PHC-2,Poliomyelitis Vaccine,0.0,0.0,0.9732211281270345
BARA-CHC-1,Haemophilus Influenzae Type B Vaccine,0.0,0.0,0.9731997481725319
BHAG-PHC-3,Influenza Vaccine (Seasonal),0.0,0.0,0.9731882834918698
AZAM-CHC-1,Artemether,0.0,0.0,0.9731448241097864
BHAG-PHC-3,Chloroquine,0.0,0.0,0.9731049925931342
BARA-PHC-2,Ethionamide,0.0,0.0,0.9730628808299926
BARA-PHC-2,Haemophilus Influenzae Type B Vaccine,0.0,0.0,0.9729924516542808
VADO-PHC-2,Pertussis Vaccine,0.0,0.0,0.9728512158023103
JALN-PHC-4,Ethionamide,0.0,0.0,0.9728065658132482
GHAZ-PHC-4,Umeclidinium,125.6,3.5812627291242363,0.9727959755175789
BHAG-PHC-3,Artesunate + Mefloquine,0.0,0.0,0.9726483405501357
PUDU-CHC-1,Pneumococcal Vaccine,120.8,3.893186003683241,0.9723204075722628
AZAM-PHC-2,Influenza Vaccine (Seasonal),65.5,3.5515104570100697,0.9721960060777338
ARAR-PHC-3,Poliomyelitis Vaccine,0.0,0.0,0.9719700818099152
ALLA-CHC-1,Terizidone,0.0,0.0,0.9718029857240643
ARAR-PHC-3,Budesonide + Salmeterol,114.8,3.742897065673032,0.9714428559235321
ARAR-PHC-3,Flucloxacillin,0.0,0.0,0.9709961232821467
BHAG-PHC-3,Poliomyelitis Vaccine,111.2,3.453416149068323,0.9709476244066176
BHAG-CHC-1,Chloroquine,0.0,0.0,0.9705544090378843
DARB-CHC-1,Mebendazole,64.9,3.5603448275862073,0.970372190954513
VADO-PHC-3,Quinine,83.9,3.230473047304731,0.9703400490256484
BARA-CHC-1,Mpox Vaccine,0.0,0.0,0.9703097746853123
ARAR-PHC-4,Chloramphenicol,0.0,0.0,0.970099959877283
BARA-PHC-4,Ethionamide,0.0,0.0,0.9700670700773336
VADO-CHC-1,Typhoid Vaccine,0.0,0.0,0.969977475384746
ARAR-PHC-2,Artesunate + Mefloquine,0.0,0.0,0.9698125856288751
SANG-PHC-4,Spectinomycin,0.0,0.0,0.9695845135110167
DARB-PHC-2,Pertussis Vaccine,0.0,0.0,0.9695197618012058
AZAM-PHC-4,Mpox Vaccine,0.0,0.0,0.9694768730675958
BHAG-PHC-3,Terizidone,0.0,0.0,0.9694493373203918
KOZH-PHC-2,Pretomanid,100.2,3.7995666305525457,0.9694245166825088
JALN-PHC-4,Umeclidinium,0.0,0.0,0.9693654484396894
AZAM-PHC-3,Isoniazid + Pyrazinamide + Rifampicin,0.0,0.0,0.9693368717468264
JALN-PHC-4,Artemether,0.0,0.0,0.9691904605525923
SRI-PHC-2,Rifapentine,134.3,3.926900584795322,0.9690873414198233
BHAG-CHC-1,Quinine,0.0,0.0,0.9690493876250584
ARAR-PHC-4,Mometasone + Formoterol,72.0,3.391655450874832,0.9690208742219442
DARB-CHC-1,Amoxicillin,0.0,0.0,0.9688827256680674
VADO-CHC-1,Clofazimine,0.0,0.0,0.9688330306277143
JALN-PHC-4,Amoxicillin,160.5,4.055956678700361,0.9687175136553281
ALLA-CHC-1,Flucloxacillin,0.0,0.0,0.9686994734430256
BARA-PHC-2,Amoxicillin,0.0,0.0,0.9686473587632533
DARB-PHC-4,Meropenem,0.0,0.0,0.9684723320672703
DARB-PHC-4,Bedaquiline,0.0,0.0,0.9683881464492559
BHAG-CHC-1,Bedaquiline,0.0,0.0,0.9681376316334475
BHAG-PHC-2,Quinine,0.0,0.0,0.9681307843144924
BARA-PHC-3,Mometasone + Formoterol,0.0,0.0,0.9679281167390111
BARA-PHC-4,Rifapentine,81.2,3.3162193698949824,0.967620321091399
GHAZ-PHC-4,Typhoid Vaccine,0.0,0.0,0.9676106195395737
SRI-CHC-1,Respiratory Syncytial Virus Vaccine,0.0,0.0,0.967582925392736
DARB-PHC-4,Amoxicillin,0.0,0.0,0.9675213692533725
VADO-PHC-4,Chloramphenicol,0.0,0.0,0.9674532054296192
DARB-CHC-1,Meropenem,0.0,0.0,0.9672286876517078
BARA-PHC-3,Quinine,0.0,0.0,0.9668654176115149
ALLA-PHC-4,Poliomyelitis Vaccine,0.0,0.0,0.9663342428511439
ALLA-PHC-2,Meropenem,0.0,0.0,0.9662532941886636
DARB-CHC-1,Human Papilloma Virus (Hpv) Vaccine,0.0,0.0,0.9661672455186907
BHAG-PHC-4,Haemophilus Influenzae Type B Vaccine,0.0,0.0,0.9660954388192105
BARA-CHC-1,Imipenem + Cilastatin,0.0,0.0,0.9659808845089929
BARA-PHC-3,Imipenem + Cilastatin,0.0,0.0,0.9659621452583884
PUDU-PHC-2,Poliomyelitis Vaccine,120.1,3.2942789968652035,0.9659342743846405
BARA-PHC-2,Rabies Vaccine,0.0,0.0,0.9658507830218764
BHAG-PHC-4,Spectinomycin,0.0,0.0,0.9658211729738881
DARB-CHC-1,Pneumococcal Vaccine,0.0,0.0,0.9656561810742422
ARAR-PHC-4,Pertussis Vaccine,0.0,0.0,0.9656510503260873
VADO-PHC-4,Artemether,0.0,0.0,0.9656236807474907
BARA-PHC-3,Valsartan + Amlodipine + Hydrochlorothiazide,138.9,3.72957422324511,0.9656089675760967
BHAG-PHC-3,"Insulin (Analogue, Long-Acting)",0.0,0.0,0.9655620313202803
ARAR-CHC-1,Isoniazid + Pyrazinamide + Rifampicin,0.0,0.0,0.9655120724176551
BARA-PHC-3,Chloroquine,0.0,0.0,0.9653855891049631
DARB-PHC-4,Artesunate + Mefloquine,125.9,3.870443566095741,0.9652485675573897
JALN-PHC-2,Haemophilus Influenzae Type B Vaccine,0.0,0.0,0.9652349097103758
SRI-CHC-1,Bedaquiline,0.0,0.0,0.9651900170403088
SRI-PHC-3,Spectinomycin,112.3,2.8731725146198834,0.9651814526115023
BHAG-PHC-2,Hydralazine,0.0,0.0,0.9651188505038971
AZAM-PHC-3,Human Papilloma Virus (Hpv) Vaccine,0.0,0.0,0.9649588819598608
GHAZ-PHC-4,Bedaquiline,0.0,0.0,0.9649278651782075
GHAZ-PHC-4,"Insulin (Analogue, Long-Acting)",0.0,0.0,0.9648689720033177
AZAM-CHC-1,Ethionamide,0.0,0.0,0.9647225495138059
ARAR-CHC-1,Human Papilloma Virus (Hpv) Vaccine,0.0,0.0,0.9645999074093019
ARAR-CHC-1,Phenytoin,0.0,0.0,0.9645894603008573
DARB-PHC-3,"Insulin (Analogue, Long-Acting)",0.0,0.0,0.9645691766433206
VADO-PHC-3,Chloramphenicol,0.0,0.0,0.9645529480253655
BARA-PHC-3,Prednisolone,0.0,0.0,0.9645278595081594
AZAM-PHC-4,Hydralazine,0.0,0.0,0.9645087140225582
BARA-PHC-4,Haemophilus Influenzae Type B Vaccine,0.0,0.0,0.9644357011801771
GHAZ-PHC-3,Amoxicillin,0.0,0.0,0.964270140111569
BARA-CHC-1,Bedaquiline,0.0,0.0,0.9642562095313092
JALN-CHC-1,Artesunate + Mefloquine,0.0,0.0,0.9641944703889
DARB-CHC-1,Imipenem + Cilastatin,0.0,0.0,0.9638667285894559
ARAR-PHC-4,Artesunate + Mefloquine,0.0,0.0,0.96383491866893
VADO-CHC-1,Rabies Vaccine,0.0,0.0,0.9638027267376826
SANG-PHC-3,Rifapentine,0.0,0.0,0.9635889739198472
ARAR-PHC-2,Rifapentine,0.0,0.0,0.9634869954540749
JALN-PHC-4,"Insulin (Analogue, Long-Acting)",0.0,0.0,0.9633657892307556
ALLA-PHC-4,Artesunate + Mefloquine,0.0,0.0,0.9633491149141319
BARA-CHC-1,Ethionamide,0.0,0.0,0.9633074827383614
DARB-PHC-2,Phenytoin,0.0,0.0,0.9632278182175664
BARA-PHC-4,"Insulin (Analogue, Rapid-Acting)",0.0,0.0,0.9631467708163668
SANG-PHC-3,Isoniazid + Pyrazinamide + Rifampicin,0.0,0.0,0.9631366278827568
ALLA-PHC-3,Bedaquiline,0.0,0.0,0.9630224761109624
DARB-CHC-1,Spectinomycin,0.0,0.0,0.9629576991615171
BARA-CHC-1,Erythropoiesis-Stimulating Agents,0.0,0.0,0.9626956330996496
JALN-CHC-1,Imipenem + Cilastatin,0.0,0.0,0.9626835249823754
BHAG-PHC-2,Metronidazole,0.0,0.0,0.9626474337010127
BHAG-PHC-2,Imipenem + Cilastatin,116.2,3.58641975308642,0.9625775318853358
VADO-PHC-4,Clofazimine,0.0,0.0,0.9625711557119647
ARAR-PHC-2,"Insulin (Analogue, Long-Acting)",0.0,0.0,0.9624111561576578
BARA-CHC-1,Chloramphenicol,0.0,0.0,0.9622948265336653
SANG-PHC-3,Chloramphenicol,0.0,0.0,0.9621511251058091
ARAR-CHC-1,Artemether,0.0,0.0,0.9619456250159616
GHAZ-PHC-3,Respiratory Syncytial Virus Vaccine,0.0,0.0,0.9617528745474974
ARAR-PHC-2,Metronidazole,0.0,0.0,0.9614138202204108
ALLA-PHC-2,Rabies Vaccine,0.0,0.0,0.9609932985940476
SRI-PHC-2,Quinine,0.0,0.0,0.9609194067181741
SRI-CHC-1,Typhoid Vaccine,0.0,0.0,0.9608426154323515
JALN-CHC-1,"Insulin (Analogue, Long-Acting)",0.0,0.0,0.9607690169952371
VADO-PHC-2,Typhoid Vaccine,0.0,0.0,0.9606250343208323
JALN-PHC-4,Clofazimine,0.0,0.0,0.9605875081991377
DARB-PHC-4,Rifapentine,0.0,0.0,0.9604619583792462
SRI-PHC-2,Imipenem + Cilastatin,0.0,0.0,0.9604529081635411
AZAM-PHC-2,Artemether,0.0,0.0,0.960315710553007
SANG-PHC-2,Haemophilus Influenzae Type B Vaccine,0.0,0.0,0.9603074933652013
ARAR-PHC-2,Quinine,0.0,0.0,0.960185170561927
AZAM-PHC-4,Erythropoiesis-Stimulating Agents,0.0,0.0,0.9601720024840785
SRI-PHC-3,Respiratory Syncytial Virus Vaccine,0.0,0.0,0.9601196610853554
BHAG-PHC-2,Valsartan + Amlodipine + Hydrochlorothiazide,0.0,0.0,0.9600406126409585
SANG-CHC-1,Rifapentine,0.0,0.0,0.960036349194268
JODH-PHC-4,Spectinomycin,84.1,3.4896265560165975,0.9599762112536216
BHAG-PHC-4,Phenytoin,149.9,4.381210855949895,0.9598190929182836
DARB-PHC-2,Bedaquiline,0.0,0.0,0.9597761264769629
JODH-PHC-2,Imipenem + Cilastatin,0.0,0.0,0.9593956247067732
ALLA-PHC-3,Typhoid Vaccine,0.0,0.0,0.9593767846948598
VADO-CHC-1,Human Papilloma Virus (Hpv) Vaccine,0.0,0.0,0.9593676522583893
ALLA-PHC-4,Meropenem,0.0,0.0,0.959354903298569
BARA-CHC-1,Poliomyelitis Vaccine,0.0,0.0,0.9593138823328862
VADO-PHC-2,Pneumococcal Vaccine,0.0,0.0,0.9591714204477524
VADO-PHC-2,Amoxicillin,0.0,0.0,0.958944650488264
SANG-PHC-3,Clofazimine,0.0,0.0,0.9588525736158657
GHAZ-CHC-1,Artemether,0.0,0.0,0.9588525736158657
BHAG-CHC-1,Spectinomycin,112.4,3.2579710144927536,0.9588111406029658
ARAR-PHC-4,Metronidazole,0.0,0.0,0.9584110975869082
ARAR-PHC-3,Human Papilloma Virus (Hpv) Vaccine,0.0,0.0,0.9583142514791637
DARB-PHC-2,Terizidone,0.0,0.0,0.9579968242979776
BHAG-PHC-4,Chloroquine,0.0,0.0,0.9579875067932518
BARA-PHC-4,Pertussis Vaccine,0.0,0.0,0.9579646033854131
BARA-PHC-2,Mometasone + Formoterol,0.0,0.0,0.9579290556233528
SANG-PHC-3,Artesunate + Mefloquine,0.0,0.0,0.9579000975236864
ALLA-PHC-4,Isoniazid + Pyrazinamide + Rifampicin,0.0,0.0,0.9578567980693145
SRI-PHC-2,Human Papilloma Virus (Hpv) Vaccine,0.0,0.0,0.957785038874484
DARB-PHC-3,Budesonide + Salmeterol,0.0,0.0,0.9577206653841802
BHAG-PHC-3,Spectinomycin,0.0,0.0,0.9576852616759596
GHAZ-PHC-4,Haemophilus Influenzae Type B Vaccine,0.0,0.0,0.9576806814815091
BHAG-PHC-3,Ethionamide,0.0,0.0,0.9576336021493347
KOZH-PHC-4,Meropenem,94.5,3.5679611650485437,0.957577590016878
BARA-PHC-4,Quinine,0.0,0.0,0.9574826785157848
ARAR-PHC-3,Haemophilus Influenzae Type B Vaccine,0.0,0.0,0.9574454249540881
BHAG-CHC-1,Artemether,0.0,0.0,0.9573972435338718
VADO-PHC-2,Ethionamide,0.0,0.0,0.9570420922076347
VADO-PHC-3,Pertussis Vaccine,0.0,0.0,0.9569610718604812
BARA-PHC-4,Imipenem + Cilastatin,0.0,0.0,0.956941734568196
BARA-PHC-2,Chloroquine,0.0,0.0,0.9568920688506187
BARA-PHC-3,"Insulin (Analogue, Long-Acting)",0.0,0.0,0.9568366906248141
AZAM-CHC-1,Flucloxacillin,0.0,0.0,0.956828759660981
ARAR-PHC-3,Hydralazine,0.0,0.0,0.9567655406613796
BARA-CHC-1,"Insulin (Analogue, Rapid-Acting)",0.0,0.0,0.9566098978001618
DARB-PHC-4,Terizidone,0.0,0.0,0.9565431308864983
BHAG-CHC-1,"Insulin (Analogue, Rapid-Acting)",0.0,0.0,0.9565318568723922
ALLA-PHC-3,Isoniazid + Pyrazinamide + Rifampicin,0.0,0.0,0.9564959920229504
DARB-PHC-4,Respiratory Syncytial Virus Vaccine,0.0,0.0,0.95628598608831
SANG-PHC-3,Typhoid Vaccine,98.9,4.376106194690266,0.9561229109221848
ARAR-PHC-4,Erythropoiesis-Stimulating Agents,0.0,0.0,0.9560303885222039
BHAG-PHC-4,Chloramphenicol,0.0,0.0,0.9559908332447714
JALN-PHC-2,Bedaquiline,31.7,0.9042379788101057,0.9559867184674163
ALLA-PHC-4,Artemether,0.0,0.0,0.9558659301127915
PUDU-CHC-1,Pertussis Vaccine,160.0,3.6733355198425715,0.9557481940112714
DARB-PHC-3,"Insulin (Analogue, Rapid-Acting)",0.0,0.0,0.9556827751680327
BHAG-PHC-3,Hydralazine,0.0,0.0,0.9556754430758558
BARA-CHC-1,Amoxicillin,0.0,0.0,0.9556351705511755
JALN-PHC-3,Artemether,0.0,0.0,0.9556152212955111
SRI-PHC-4,Pertussis Vaccine,0.0,0.0,0.9555594974639304
GHAZ-PHC-3,Phenytoin,0.0,0.0,0.9554550915434383
BARA-PHC-2,Quinine,0.0,0.0,0.9553987056562512
BHAG-PHC-2,Spectinomycin,0.0,0.0,0.9553822144919369
JALN-PHC-2,Isoniazid + Pyrazinamide + Rifampicin,0.0,0.0,0.9552703216884086
ALLA-CHC-1,"Insulin (Analogue, Rapid-Acting)",0.0,0.0,0.9551791654833355
SRI-CHC-1,Human Papilloma Virus (Hpv) Vaccine,0.0,0.0,0.9551580643525952
DARB-CHC-1,Typhoid Vaccine,0.0,0.0,0.9549514947870925
ALLA-PHC-4,Ethionamide,0.0,0.0,0.9549188917279235
VADO-CHC-1,Meropenem,0.0,0.0,0.9548640961653401
AZAM-PHC-3,Respiratory Syncytial Virus Vaccine,0.0,0.0,0.9547000557103601
GHAZ-CHC-1,Chloramphenicol,0.0,0.0,0.9546597507638311
DARB-PHC-3,Pretomanid,0.0,0.0,0.95449341635857
SRI-CHC-1,Spectinomycin,0.0,0.0,0.9544916605260029
ARAR-PHC-3,Erythropoiesis-Stimulating Agents,0.0,0.0,0.9543930367760483
SRI-CHC-1,Metronidazole,0.0,0.0,0.9543874983266109
BHAG-PHC-3,Typhoid Vaccine,0.0,0.0,0.9543427220168758
BHAG-PHC-2,Umeclidinium,0.0,0.0,0.9543183396354692
UTTA-PHC-4,Mpox Vaccine,0.0,0.0,0.9543114343830301
AZAM-CHC-1,Respiratory Syncytial Virus Vaccine,0.0,0.0,0.9542776377901165
VADO-CHC-1,"Insulin (Analogue, Long-Acting)",0.0,0.0,0.9542053581810571
AZAM-CHC-1,Metronidazole,0.0,0.0,0.9541634250812152
AZAM-PHC-4,Rabies Vaccine,0.0,0.0,0.9541058642247997
SANG-PHC-3,Valsartan + Amlodipine + Hydrochlorothiazide,98.1,4.58411214953271,0.9539850485429291
GHAZ-PHC-3,Poliomyelitis Vaccine,0.0,0.0,0.9539686378803064
ARAR-PHC-3,Pretomanid,0.0,0.0,0.9539385480999611
DARB-PHC-2,Flucloxacillin,0.0,0.0,0.9537997418155689
VADO-PHC-3,Pretomanid,27.8,0.9231499051233396,0.9537913760377653
JODH-CHC-1,Imipenem + Cilastatin,108.9,3.5193905817174516,0.9537041994045894
JODH-PHC-2,Human Papilloma Virus (Hpv) Vaccine,0.0,0.0,0.9535639780133738
SANG-PHC-4,Chloramphenicol,0.0,0.0,0.9535622164832142
SANG-PHC-2,Imipenem + Cilastatin,0.0,0.0,0.9534568049143411
ALLA-CHC-1,Valsartan + Amlodipine + Hydrochlorothiazide,0.0,0.0,0.9533855224324224
VADO-PHC-4,Influenza Vaccine (Seasonal),0.0,0.0,0.9533048210349512
BHAG-PHC-2,Chloroquine,0.0,0.0,0.9532873266012788
JALN-PHC-4,Pretomanid,0.0,0.0,0.9532732393296337
KOZH-PHC-3,Bedaquiline,97.7,3.6319702602230484,0.9531948476389087
AZAM-PHC-4,Pertussis Vaccine,0.0,0.0,0.9530114449016549
ARAR-CHC-1,Budesonide + Salmeterol,0.0,0.0,0.953003030014861
BARA-PHC-4,Artemether,0.0,0.0,0.9529953326580757
GHAZ-CHC-1,Pretomanid,0.0,0.0,0.9528941232782003
SRI-CHC-1,Valsartan + Amlodipine + Hydrochlorothiazide,0.0,0.0,0.9528660380438703
GHAZ-PHC-2,Influenza Vaccine (Seasonal),0.0,0.0,0.9528558922443412
SANG-PHC-2,Terizidone,0.0,0.0,0.9528200311268556
ALLA-PHC-2,Rifapentine,0.0,0.0,0.9528064639526947
SRI-CHC-1,Mpox Vaccine,0.0,0.0,0.9527801919042711
SRI-CHC-1,Meropenem,0.0,0.0,0.9527704652344021
JALN-PHC-3,Respiratory Syncytial Virus Vaccine,0.0,0.0,0.9527314361512527
DARB-PHC-4,Spectinomycin,0.0,0.0,0.9527264459198957
JALN-PHC-2,Mpox Vaccine,0.0,0.0,0.9527186939861648
JALN-PHC-2,Meropenem,0.0,0.0,0.9527140851854986
SRI-PHC-3,"Insulin (Analogue, Long-Acting)",0.0,0.0,0.9526491548883314
VADO-PHC-3,Haemophilus Influenzae Type B Vaccine,0.0,0.0,0.952558404597622
KOZH-PHC-2,Influenza Vaccine (Seasonal),0.0,0.0,0.9525097267093305
GHAZ-CHC-1,Budesonide + Salmeterol,0.0,0.0,0.952414557300673
AZAM-PHC-3,Artesunate + Mefloquine,0.0,0.0,0.9524048137564672
ARAR-CHC-1,Meropenem,0.0,0.0,0.9522909859289066
ALLA-CHC-1,Ethionamide,0.0,0.0,0.9522888267476718
SRI-CHC-1,Amoxicillin,0.0,0.0,0.9522348060576067
AZAM-PHC-3,Poliomyelitis Vaccine,0.0,0.0,0.9520953676158439
GHAZ-PHC-2,Human Papilloma Virus (Hpv) Vaccine,0.0,0.0,0.9520616301764191
BARA-PHC-2,Pretomanid,0.0,0.0,0.9520563658359534
GHAZ-PHC-4,Respiratory Syncytial Virus Vaccine,0.0,0.0,0.9519475344733718
AZAM-PHC-2,Pertussis Vaccine,0.0,0.0,0.9519088662473943
VADO-PHC-2,Meropenem,0.0,0.0,0.9517810868805802
GHAZ-PHC-2,Pertussis Vaccine,0.0,0.0,0.951753362598851
ALLA-PHC-4,"Insulin (Analogue, Long-Acting)",0.0,0.0,0.9516446333311217
VADO-PHC-4,Mometasone + Formoterol,0.0,0.0,0.9516073981149986
UTTA-PHC-3,Human Papilloma Virus (Hpv) Vaccine,0.0,0.0,0.9515976030341321
BHAG-PHC-3,Haemophilus Influenzae Type B Vaccine,0.0,0.0,0.9515145374209084
PUDU-PHC-2,Haemophilus Influenzae Type B Vaccine,0.0,0.0,0.951512651942144
DARB-PHC-4,Isoniazid + Pyrazinamide + Rifampicin,0.0,0.0,0.9514779686107182
JALN-CHC-1,Rabies Vaccine,0.0,0.0,0.9514255777853105
SANG-PHC-3,Pretomanid,0.0,0.0,0.9514208338483272
ARAR-PHC-2,Isoniazid + Pyrazinamide + Rifampicin,0.0,0.0,0.9512440351997263
BARA-PHC-4,Influenza Vaccine (Seasonal),0.0,0.0,0.9512282713599645
DARB-CHC-1,Hydralazine,0.0,0.0,0.9512242959294207
GHAZ-CHC-1,Metronidazole,0.0,0.0,0.9510308474975732
BHAG-PHC-3,Budesonide + Salmeterol,0.0,0.0,0.950976852814442
SRI-PHC-2,Pneumococcal Vaccine,0.0,0.0,0.9508281491511207
BARA-PHC-3,Flucloxacillin,0.0,0.0,0.95078843805005
ARAR-CHC-1,Pretomanid,0.0,0.0,0.9507543773322056
VADO-PHC-4,Umeclidinium,0.0,0.0,0.950730267620409
VADO-CHC-1,Isoniazid + Pyrazinamide + Rifampicin,0.0,0.0,0.9507040557275247
AZAM-PHC-3,Rifapentine,0.0,0.0,0.9507040557275247
BHAG-PHC-4,Budesonide + Salmeterol,0.0,0.0,0.9507040557275247
JODH-CHC-1,Metronidazole,0.0,0.0,0.9506607315440739
ALLA-PHC-3,Artesunate + Mefloquine,0.0,0.0,0.9506420609726882
JODH-PHC-4,Respiratory Syncytial Virus Vaccine,0.0,0.0,0.9506230873734784
PUDU-CHC-1,Isoniazid + Pyrazinamide + Rifampicin,0.0,0.0,0.9506230873734784
AZAM-PHC-2,Pneumococcal Vaccine,0.0,0.0,0.9505574407115192
KOZH-PHC-2,Rabies Vaccine,0.0,0.0,0.9505574407115192
SRI-PHC-2,Terizidone,0.0,0.0,0.9505280052447562
SHIM-CHC-1,Terizidone,0.0,0.0,0.9503388006338971
AZAM-PHC-2,Amoxicillin,137.3,3.6446719757299957,0.9502744570719763
GHAZ-PHC-4,Rifapentine,0.0,0.0,0.9502721745331263
VADO-CHC-1,Artesunate + Mefloquine,0.0,0.0,0.9502571014231836
SRI-PHC-3,Haemophilus Influenzae Type B Vaccine,0.0,0.0,0.9502049812947566
ARAR-CHC-1,Clofazimine,0.0,0.0,0.9502049812947566
AZAM-PHC-4,"Insulin (Analogue, Rapid-Acting)",0.0,0.0,0.9501496837574005
PUDU-PHC-4,Amoxicillin,0.0,0.0,0.9501496837574005
SRI-CHC-1,Isoniazid + Pyrazinamide + Rifampicin,0.0,0.0,0.9500519715328916
DARB-PHC-4,Poliomyelitis Vaccine,0.0,0.0,0.949927897339548
ARAR-PHC-2,Pertussis Vaccine,0.0,0.0,0.9499064544024037
BARA-PHC-4,"Insulin (Analogue, Long-Acting)",0.0,0.0,0.9498618199976305
ARAR-PHC-3,Bedaquiline,0.0,0.0,0.9498618199976305
JALN-PHC-4,Artesunate + Mefloquine,0.0,0.0,0.9498554763719277
AZAM-PHC-4,Artemether,0.0,0.0,0.9497307075977347
BARA-PHC-3,Hydralazine,0.0,0.0,0.9496169817622025
JALN-CHC-1,Bedaquiline,0.0,0.0,0.9495414401472381
ARAR-PHC-4,Chloroquine,0.0,0.0,0.9495326810079037
ARAR-CHC-1,Metronidazole,125.4,4.984667802385009,0.9494602352906277
ARAR-PHC-3,Terizidone,0.0,0.0,0.9493809498328318
VADO-PHC-2,Clofazimine,0.0,0.0,0.9491082091564319
ALLA-PHC-4,Spectinomycin,0.0,0.0,0.9490240791212331
DARB-CHC-1,Respiratory Syncytial Virus Vaccine,0.0,0.0,0.9489689896626702
GHAZ-PHC-3,Rifapentine,0.0,0.0,0.9489628549386548
BARA-PHC-3,Poliomyelitis Vaccine,0.0,0.0,0.9489475394433019
BHAG-PHC-3,Respiratory Syncytial Virus Vaccine,0.0,0.0,0.9489293456335587
VADO-PHC-3,Amoxicillin,133.6,3.6417445482866038,0.9485728209544219
JALN-CHC-1,Haemophilus Influenzae Type B Vaccine,0.0,0.0,0.9485673807234926
JALN-PHC-2,Terizidone,0.0,0.0,0.9484721473082071
ALLA-PHC-2,Ethionamide,0.0,0.0,0.9484460926684052
UTTA-PHC-4,Human Papilloma Virus (Hpv) Vaccine,0.0,0.0,0.9483444782489432
AZAM-PHC-4,Flucloxacillin,0.0,0.0,0.9483444782489432
SHIM-PHC-2,Imipenem + Cilastatin,0.0,0.0,0.9483444782489432
ALLA-PHC-3,Terizidone,0.0,0.0,0.948115098960049
PUDU-PHC-2,Artemether,0.0,0.0,0.9479945829440407
BHAG-CHC-1,Hydralazine,0.0,0.0,0.9479281681556383
AZAM-CHC-1,Imipenem + Cilastatin,0.0,0.0,0.9478731650856913
ALLA-PHC-4,Rifapentine,0.0,0.0,0.9478731650856913
AZAM-PHC-2,Bedaquiline,0.0,0.0,0.9478510119902515
BARA-PHC-4,Valsartan + Amlodipine + Hydrochlorothiazide,0.0,0.0,0.9477444388681213
SRI-PHC-3,Influenza Vaccine (Seasonal),0.0,0.0,0.9477084974605021
BHAG-PHC-2,Isoniazid + Pyrazinamide + Rifampicin,0.0,0.0,0.9475719157413852
SRI-PHC-2,Chloroquine,0.0,0.0,0.9475683462968185
ALLA-PHC-2,Spectinomycin,0.0,0.0,0.9474252932423222
SANG-CHC-1,Mpox Vaccine,0.0,0.0,0.9473328808213541
JODH-PHC-3,Bedaquiline,101.4,4.291414752116082,0.947174941859988
JALN-PHC-4,Respiratory Syncytial Virus Vaccine,0.0,0.0,0.9469191182646514
VADO-PHC-3,Bedaquiline,0.0,0.0,0.9467823623768988
JALN-CHC-1,Spectinomycin,0.0,0.0,0.9466914960346199
JODH-CHC-1,Rifapentine,0.0,0.0,0.9466914960346199
JALN-PHC-3,Bedaquiline,0.0,0.0,0.9466064612441564
UTTA-CHC-1,Isoniazid + Pyrazinamide + Rifampicin,102.0,3.512051155927201,0.9464295464425584
ARAR-PHC-3,Rifapentine,0.0,0.0,0.9464052393754965
SANG-PHC-2,Mpox Vaccine,0.0,0.0,0.9463520021887601
ARAR-PHC-4,Flucloxacillin,0.0,0.0,0.9463398645358749
JALN-PHC-2,Clofazimine,0.0,0.0,0.9463293818250106
JODH-PHC-2,Haemophilus Influenzae Type B Vaccine,116.2,3.356995460173339,0.9463124931529912
AZAM-PHC-4,Clofazimine,0.0,0.0,0.9462902034915115
SANG-PHC-4,Artesunate + Mefloquine,0.0,0.0,0.9462197326233068
ALLA-CHC-1,Bedaquiline,0.0,0.0,0.9461716867309325
VADO-PHC-2,Bedaquiline,0.0,0.0,0.946146571275263
SANG-PHC-3,Umeclidinium,0.0,0.0,0.9461355792182244
GHAZ-CHC-1,Phenytoin,0.0,0.0,0.9461042363723198
JODH-PHC-4,Artesunate + Mefloquine,0.0,0.0,0.9459520358958954
GHAZ-CHC-1,Ethionamide,0.0,0.0,0.9459445773596931
UTTA-PHC-2,Ethionamide,0.0,0.0,0.9459078609101135
JODH-CHC-1,Artesunate + Mefloquine,0.0,0.0,0.9458412396556196
ALLA-CHC-1,Artemether,0.0,0.0,0.9457978420867968
JALN-PHC-3,Human Papilloma Virus (Hpv) Vaccine,0.0,0.0,0.9457534929846674
DARB-CHC-1,Rabies Vaccine,0.0,0.0,0.94566828156942
PUDU-CHC-1,Influenza Vaccine (Seasonal),0.0,0.0,0.9456443866090092
JODH-PHC-3,Pretomanid,0.0,0.0,0.9456006001157741
AZAM-PHC-3,Meropenem,0.0,0.0,0.9455682408763616
JALN-PHC-2,Human Papilloma Virus (Hpv) Vaccine,0.0,0.0,0.945500853670451
SRI-PHC-4,Amoxicillin,0.0,0.0,0.945439035998147
SRI-PHC-4,Hydralazine,0.0,0.0,0.9453641571260448
SANG-PHC-4,Pertussis Vaccine,0.0,0.0,0.9453166868855613
GHAZ-PHC-3,Hydralazine,0.0,0.0,0.9451468458801977
ALLA-CHC-1,Phenytoin,0.0,0.0,0.9451468458801977
SANG-PHC-4,Ethionamide,0.0,0.0,0.9450533490453257
SANG-PHC-4,Respiratory Syncytial Virus Vaccine,0.0,0.0,0.9450533490453257
ALLA-PHC-4,Prednisolone,0.0,0.0,0.9450533490453257
PUDU-PHC-3,Respiratory Syncytial Virus Vaccine,0.0,0.0,0.9450451714338346
SRI-CHC-1,Flucloxacillin,0.0,0.0,0.944883650787337
GHAZ-PHC-2,Imipenem + Cilastatin,84.5,4.635579937304074,0.9448116655107297
SHIM-PHC-3,Human Papilloma Virus (Hpv) Vaccine,0.0,0.0,0.9446987018028522
BARA-CHC-1,Hydralazine,0.0,0.0,0.944602445759938
SRI-PHC-3,Clofazimine,0.0,0.0,0.9445506355092153
SRI-PHC-2,Influenza Vaccine (Seasonal),0.0,0.0,0.9443358042913846
JALN-PHC-3,Budesonide + Salmeterol,0.0,0.0,0.9443245446683431
ARAR-PHC-2,Erythropoiesis-Stimulating Agents,0.0,0.0,0.9440979846761467
ALLA-PHC-4,Respiratory Syncytial Virus Vaccine,0.0,0.0,0.9440278830287221
BARA-PHC-3,Pneumococcal Vaccine,215.8,3.9472171413639936,0.9439911074481082
ALLA-CHC-1,Influenza Vaccine (Seasonal),0.0,0.0,0.9439560619715436
DARB-CHC-1,Valsartan + Amlodipine + Hydrochlorothiazide,3.8,0.16878172588832488,0.9438133005237791
GHAZ-CHC-1,Haemophilus Influenzae Type B Vaccine,0.0,0.0,0.9437741903353498
DARB-PHC-2,Metronidazole,0.0,0.0,0.9436874227750542
ALLA-PHC-3,Pretomanid,0.0,0.0,0.9435145510530404
SRI-PHC-3,Isoniazid + Pyrazinamide + Rifampicin,0.0,0.0,0.943468899652727
BARA-PHC-2,Influenza Vaccine (Seasonal),0.0,0.0,0.943317761794251
AZAM-PHC-2,"Insulin (Analogue, Long-Acting)",0.0,0.0,0.9432660093273857
VADO-PHC-2,"Insulin (Analogue, Rapid-Acting)",0.0,0.0,0.9432345419421615
VADO-PHC-4,Pneumococcal Vaccine,4.1,0.15298507462686564,0.9431764704735951
ALLA-PHC-3,Influenza Vaccine (Seasonal),0.0,0.0,0.9430910127645138
DARB-PHC-3,Amoxicillin,192.6,4.023276633840645,0.942933130073094
DARB-PHC-2,Budesonide + Salmeterol,0.0,0.0,0.942843997930395
ALLA-CHC-1,Pretomanid,95.4,4.692902319044274,0.9427694875063966
KOZH-PHC-2,Artemether,0.0,0.0,0.9426986679964683
SRI-PHC-4,Haemophilus Influenzae Type B Vaccine,0.0,0.0,0.9424402498752554
BARA-PHC-2,Clofazimine,0.0,0.0,0.9424027887136562
GHAZ-PHC-2,Metronidazole,0.0,0.0,0.9423392910437464
PUDU-PHC-4,Pneumococcal Vaccine,0.0,0.0,0.9423244856881361
JALN-PHC-3,"Insulin (Analogue, Rapid-Acting)",0.0,0.0,0.942223191591472
GHAZ-PHC-2,Isoniazid + Pyrazinamide + Rifampicin,0.0,0.0,0.9422183905380128
BHAG-PHC-3,Pneumococcal Vaccine,129.9,3.977690288713911,0.9421775657290593
GHAZ-CHC-1,Chloroquine,0.0,0.0,0.9421691783873636
VADO-PHC-2,Chloroquine,0.0,0.0,0.9421557934025971
AZAM-CHC-1,Terizidone,0.0,0.0,0.9419981320334373
GHAZ-CHC-1,Artesunate + Mefloquine,0.0,0.0,0.9419754624241274
ARAR-PHC-4,Human Papilloma Virus (Hpv) Vaccine,0.0,0.0,0.9417954708314797
ALLA-PHC-4,Metronidazole,0.0,0.0,0.9417767481985456
UTTA-CHC-1,"Insulin (Analogue, Long-Acting)",0.0,0.0,0.9417767481985456
BARA-PHC-2,Mpox Vaccine,0.0,0.0,0.9416842912082457
ARAR-CHC-1,Imipenem + Cilastatin,169.1,4.65840220385675,0.9416631860834027
ALLA-PHC-2,Mebendazole,0.0,0.0,0.9415089044429436
BHAG-PHC-4,Bedaquiline,0.0,0.0,0.9414103689731127
PUDU-PHC-2,Chloroquine,0.0,0.0,0.9410971570296804
AZAM-PHC-4,Artesunate + Mefloquine,0.0,0.0,0.940817599937279
ARAR-PHC-4,Poliomyelitis Vaccine,0.0,0.0,0.9407715318597237
BHAG-CHC-1,Artesunate + Mefloquine,0.0,0.0,0.9407266034968088
BHAG-PHC-2,Bedaquiline,0.0,0.0,0.940622805540553
SHIM-PHC-4,Flucloxacillin,0.0,0.0,0.9406032832514525
VADO-PHC-3,Poliomyelitis Vaccine,0.0,0.0,0.9405721254919508
AZAM-PHC-3,Terizidone,0.0,0.0,0.9405449053455839
JALN-CHC-1,Pneumococcal Vaccine,0.0,0.0,0.940487833506241
BARA-PHC-4,Spectinomycin,0.0,0.0,0.9403187190048599
BARA-PHC-4,Chloroquine,0.0,0.0,0.940304802047712
DARB-PHC-2,Influenza Vaccine (Seasonal),0.0,0.0,0.9402841986464368
SANG-CHC-1,Isoniazid + Pyrazinamide + Rifampicin,0.0,0.0,0.9402610794600632
ARAR-CHC-1,Ethionamide,0.0,0.0,0.9401950011198743
GHAZ-CHC-1,Amoxicillin,37.6,1.0570281124497993,0.9401877630155427
GHAZ-CHC-1,Prednisolone,0.0,0.0,0.9401867205643624
JALN-CHC-1,Umeclidinium,1.7,0.062011464304325165,0.9401847191192237
SANG-CHC-1,"Insulin (Analogue, Rapid-Acting)",0.0,0.0,0.940130638356772
JALN-PHC-4,Flucloxacillin,0.0,0.0,0.9399938876090745
VADO-PHC-4,Quinine,0.0,0.0,0.9398948757121103
BARA-PHC-4,Artesunate + Mefloquine,0.0,0.0,0.9398631438965788
GHAZ-PHC-4,Ethionamide,0.0,0.0,0.9398529194398579
ALLA-CHC-1,"Insulin (Analogue, Long-Acting)",0.0,0.0,0.9395563137517454
SANG-CHC-1,Ethionamide,0.0,0.0,0.9395563137517454
ALLA-PHC-3,Rifapentine,0.0,0.0,0.939484170521381
JALN-PHC-2,Influenza Vaccine (Seasonal),0.0,0.0,0.9394115861821776
BHAG-CHC-1,Prednisolone,0.0,0.0,0.9393482708178477
AZAM-PHC-4,Valsartan + Amlodipine + Hydrochlorothiazide,0.0,0.0,0.9393064122346155
BARA-PHC-2,Erythropoiesis-Stimulating Agents,0.0,0.0,0.9392907820671929
BHAG-PHC-2,Haemophilus Influenzae Type B Vaccine,0.0,0.0,0.9392324612834823
BHAG-PHC-4,Influenza Vaccine (Seasonal),0.0,0.0,0.9391435349783752
VADO-PHC-4,"Insulin (Analogue, Rapid-Acting)",0.0,0.0,0.9390945988175523
JALN-PHC-3,Meropenem,0.0,0.0,0.9389737226306473
SANG-CHC-1,Spectinomycin,0.0,0.0,0.938929319751069
JALN-PHC-4,Hydralazine,0.0,0.0,0.9387987443510226
BARA-PHC-2,"Insulin (Analogue, Long-Acting)",111.6,3.5606198723792164,0.9387361150500761
JALN-PHC-2,Pneumococcal Vaccine,0.0,0.0,0.9387264649571576
SANG-PHC-4,Rabies Vaccine,0.0,0.0,0.9385516610508404
SRI-PHC-3,Chloroquine,0.0,0.0,0.9385490095095592
GHAZ-PHC-2,Pneumococcal Vaccine,0.0,0.0,0.9384464710477239
JALN-CHC-1,Mometasone + Formoterol,0.0,0.0,0.9383889966549714
JODH-CHC-1,Amoxicillin,0.0,0.0,0.9383564318478802
PUDU-PHC-3,Rabies Vaccine,0.0,0.0,0.9383544114062157
DARB-PHC-4,Erythropoiesis-Stimulating Agents,0.0,0.0,0.9382458312265975
JALN-PHC-3,Mpox Vaccine,0.0,0.0,0.9379867637686868
SRI-PHC-3,Phenytoin,0.0,0.0,0.9379629101824063
JODH-PHC-4,Typhoid Vaccine,0.0,0.0,0.9379428150887572
ALLA-CHC-1,Rifapentine,0.0,0.0,0.9378546994734005
AZAM-PHC-3,Mpox Vaccine,0.0,0.0,0.9378262750028895
ALLA-PHC-2,Mometasone + Formoterol,0.0,0.0,0.9377834892929898
SHIM-PHC-4,Haemophilus Influenzae Type B Vaccine,0.0,0.0,0.9376880348134901
KOZH-PHC-2,Artesunate + Mefloquine,0.0,0.0,0.9375732681720812
ARAR-CHC-1,Pneumococcal Vaccine,0.0,0.0,0.9375279626492231
ARAR-PHC-4,Prednisolone,0.0,0.0,0.9375198980815439
SHIM-PHC-2,Metronidazole,87.3,4.145861601085482,0.9374513103073356
DARB-PHC-4,Flucloxacillin,0.0,0.0,0.9373870300013764
SHIM-PHC-4,Pretomanid,0.0,0.0,0.9373641234331076
BARA-CHC-1,Terizidone,0.0,0.0,0.9372825610324104
DARB-CHC-1,Clofazimine,0.0,0.0,0.9371362879723708
ALLA-PHC-4,Pretomanid,0.0,0.0,0.9370598408932234
GHAZ-PHC-3,Pretomanid,207.7,4.823822163238221,0.9369913145526355
JALN-PHC-2,Pretomanid,0.0,0.0,0.93698488447503
JALN-PHC-3,Isoniazid + Pyrazinamide + Rifampicin,0.0,0.0,0.9369674893653259
BHAG-PHC-3,"Insulin (Analogue, Rapid-Acting)",0.0,0.0,0.9369583065669158
BARA-PHC-4,Poliomyelitis Vaccine,0.0,0.0,0.936908891199809
ARAR-PHC-4,Rabies Vaccine,0.0,0.0,0.9368375887751015
BHAG-PHC-3,Umeclidinium,0.0,0.0,0.9368112131009044
ALLA-PHC-4,Pertussis Vaccine,0.0,0.0,0.9367589813682311
AZAM-PHC-3,Ethionamide,0.0,0.0,0.9367332799291773
PUDU-PHC-2,Respiratory Syncytial Virus Vaccine,0.0,0.0,0.9367034439763797
BHAG-PHC-2,Ethionamide,0.0,0.0,0.9366614169013413
SANG-PHC-2,Valsartan + Amlodipine + Hydrochlorothiazide,0.0,0.0,0.9366534444690748
SHIM-PHC-4,Clofazimine,0.0,0.0,0.9366291034459662
GHAZ-PHC-2,Pretomanid,0.0,0.0,0.9365797617511559
VADO-CHC-1,Terizidone,0.0,0.0,0.9365220632628952
BHAG-PHC-3,Phenytoin,0.0,0.0,0.9364964376845537
JALN-PHC-2,Spectinomycin,0.0,0.0,0.9364658864844063
SRI-PHC-2,Mpox Vaccine,0.0,0.0,0.936446117294926
VADO-CHC-1,Haemophilus Influenzae Type B Vaccine,0.0,0.0,0.9364313376083929
VADO-PHC-4,Flucloxacillin,0.0,0.0,0.9364008988371855
GHAZ-PHC-4,Spectinomycin,0.0,0.0,0.9363871073708764
SANG-CHC-1,Amoxicillin,0.0,0.0,0.9363871073708764
VADO-PHC-3,Artesunate + Mefloquine,0.0,0.0,0.9362581427830656
GHAZ-PHC-2,Chloroquine,0.0,0.0,0.9362217730203384
SRI-CHC-1,Quinine,0.0,0.0,0.936179080886441
JODH-PHC-3,Influenza Vaccine (Seasonal),0.0,0.0,0.9361428109741837
ALLA-PHC-3,Mpox Vaccine,0.0,0.0,0.9361358560019057
SHIM-PHC-2,Terizidone,0.0,0.0,0.9360994808787246
ALLA-CHC-1,Poliomyelitis Vaccine,0.0,0.0,0.9360442807189406
SANG-CHC-1,Artemether,0.0,0.0,0.9359787166162344
JALN-PHC-2,Artesunate + Mefloquine,0.0,0.0,0.9359512826124131
BARA-PHC-4,Bedaquiline,0.0,0.0,0.935906830458926
ALLA-PHC-4,Amoxicillin,0.0,0.0,0.9358118760550234
SANG-PHC-4,Human Papilloma Virus (Hpv) Vaccine,0.0,0.0,0.9355977043689763
ALLA-PHC-3,Clofazimine,0.0,0.0,0.935515050216974
GHAZ-PHC-3,Flucloxacillin,0.0,0.0,0.9354903519724626
BARA-CHC-1,Umeclidinium,0.0,0.0,0.9353961975112131
JODH-PHC-3,Clofazimine,0.0,0.0,0.9353119581759443
BARA-CHC-1,Pneumococcal Vaccine,0.0,0.0,0.935245394498044
JALN-CHC-1,Human Papilloma Virus (Hpv) Vaccine,0.0,0.0,0.9351200197638624
SHIM-PHC-3,"Insulin (Analogue, Long-Acting)",0.0,0.0,0.935083987645007
ARAR-PHC-3,Artemether,174.4,5.082431307243964,0.9350696636624591
SRI-CHC-1,Chloroquine,0.0,0.0,0.9350570773068679
BARA-PHC-3,Meropenem,6.0,0.24432809773123912,0.9349873568530449
BARA-CHC-1,Artemether,0.0,0.0,0.9348894411871123
PUDU-CHC-1,Bedaquiline,0.0,0.0,0.9347209610428907
ALLA-PHC-2,Imipenem + Cilastatin,0.0,0.0,0.9346957170955649
ARAR-PHC-3,Meropenem,17.6,0.5473123056419369,0.9346406069492862
VADO-PHC-4,Haemophilus Influenzae Type B Vaccine,0.0,0.0,0.9346094536149542
AZAM-PHC-3,Influenza Vaccine (Seasonal),0.0,0.0,0.9346094536149542
SANG-CHC-1,Typhoid Vaccine,0.0,0.0,0.9345998292220774
BARA-PHC-3,Isoniazid + Pyrazinamide + Rifampicin,0.0,0.0,0.9344911943168266
BHAG-CHC-1,Phenytoin,0.0,0.0,0.9343801442657489
JALN-PHC-4,Isoniazid + Pyrazinamide + Rifampicin,0.0,0.0,0.9343299586978469
ARAR-PHC-2,Imipenem + Cilastatin,0.0,0.0,0.934226781789394
BARA-CHC-1,Artesunate + Mefloquine,0.0,0.0,0.9341792541880825
BARA-PHC-4,Pneumococcal Vaccine,0.0,0.0,0.9341631095429385
UTTA-PHC-2,Pertussis Vaccine,125.7,4.929411764705883,0.9341233502930928
SHIM-PHC-4,Isoniazid + Pyrazinamide + Rifampicin,6.3,0.2456824512534819,0.9338432080258434
JALN-PHC-4,Typhoid Vaccine,0.0,0.0,0.9338418889248877
AZAM-PHC-3,Clofazimine,0.0,0.0,0.9338333661745851
UTTA-PHC-3,Isoniazid + Pyrazinamide + Rifampicin,0.0,0.0,0.9338333661745851
BARA-PHC-2,Terizidone,100.3,4.125146886016451,0.9337285082761883
JODH-PHC-4,Chloroquine,0.0,0.0,0.9336022919807215
BHAG-PHC-2,Human Papilloma Virus (Hpv) Vaccine,167.6,4.604395604395604,0.9335174900538635
UTTA-PHC-2,Mometasone + Formoterol,0.0,0.0,0.9332873872737729
BARA-PHC-2,Phenytoin,130.4,5.2671667628390075,0.9332850248485524
SANG-CHC-1,Human Papilloma Virus (Hpv) Vaccine,0.0,0.0,0.9332576995446874
BARA-PHC-2,Metronidazole,0.0,0.0,0.9330835420417278
KOZH-PHC-2,Pertussis Vaccine,0.0,0.0,0.9329956241933559
AZAM-CHC-1,Influenza Vaccine (Seasonal),0.0,0.0,0.9328454869266518
AZAM-CHC-1,Bedaquiline,0.0,0.0,0.9328454869266518
JODH-PHC-4,Quinine,0.0,0.0,0.9327566511378963
JALN-PHC-3,Pretomanid,0.0,0.0,0.9325947134397
SRI-CHC-1,Budesonide + Salmeterol,3.3,0.16086350974930363,0.9325170774716728
VADO-PHC-4,Respiratory Syncytial Virus Vaccine,0.0,0.0,0.9324991092694501
ARAR-PHC-4,Quinine,0.0,0.0,0.9324670774613789
AZAM-CHC-1,Artesunate + Mefloquine,0.0,0.0,0.9323840901179599
GHAZ-PHC-4,Chloramphenicol,0.0,0.0,0.932326899718472
BARA-PHC-4,Chloramphenicol,14.7,0.6483931947069943,0.932325414715021
UTTA-PHC-4,Typhoid Vaccine,0.0,0.0,0.9322726497467961
SANG-CHC-1,Umeclidinium,0.0,0.0,0.9322710760908836
ARAR-PHC-3,Valsartan + Amlodipine + Hydrochlorothiazide,0.0,0.0,0.9321355076342419
VADO-PHC-2,Respiratory Syncytial Virus Vaccine,0.0,0.0,0.9320779734717693
BARA-PHC-4,Rabies Vaccine,0.0,0.0,0.9320266334364493
SHIM-PHC-4,"Insulin (Analogue, Rapid-Acting)",0.0,0.0,0.9320250315198202
GHAZ-PHC-2,Valsartan + Amlodipine + Hydrochlorothiazide,0.0,0.0,0.9320250315198202
SHIM-CHC-1,Pertussis Vaccine,0.0,0.0,0.9319480447140872
SANG-PHC-4,Mometasone + Formoterol,0.0,0.0,0.9319309448138381
JALN-PHC-3,Chloroquine,0.0,0.0,0.9317055959911921
UTTA-PHC-4,Artemether,0.0,0.0,0.9316235342412154
ALLA-PHC-4,Terizidone,0.0,0.0,0.9315541402005503
GHAZ-PHC-3,Prednisolone,0.0,0.0,0.9315541402005503
ALLA-PHC-2,Bedaquiline,0.0,0.0,0.9315256389171678
JODH-CHC-1,Clofazimine,0.0,0.0,0.9314926454415021
KOZH-PHC-2,Human Papilloma Virus (Hpv) Vaccine,0.0,0.0,0.9314391553427479
UTTA-PHC-4,Quinine,0.0,0.0,0.9314391553427479
PUDU-PHC-2,Chloramphenicol,0.0,0.0,0.931437789119195
BHAG-PHC-4,Pertussis Vaccine,0.0,0.0,0.931372791373964
DARB-PHC-4,Ethionamide,0.0,0.0,0.9313675036838045
DARB-CHC-1,Budesonide + Salmeterol,0.0,0.0,0.9313360772177918
ALLA-CHC-1,Prednisolone,0.0,0.0,0.9313002930282684
SRI-CHC-1,Pretomanid,0.0,0.0,0.9312296184686149
KOZH-PHC-4,Artesunate + Mefloquine,0.0,0.0,0.9312148295868136
SRI-PHC-2,Prednisolone,0.0,0.0,0.9311821026097341
JALN-CHC-1,"Insulin (Analogue, Rapid-Acting)",0.0,0.0,0.9311538242060412
VADO-PHC-2,"Insulin (Analogue, Long-Acting)",0.0,0.0,0.9311538242060412
UTTA-PHC-4,Poliomyelitis Vaccine,0.0,0.0,0.9310965913621979
BHAG-PHC-4,Imipenem + Cilastatin,0.0,0.0,0.9309507065494455
SANG-PHC-2,Pneumococcal Vaccine,11.3,0.37031835205992514,0.9308676569088201
ARAR-PHC-3,Chloramphenicol,0.0,0.0,0.9308000521298341
PUDU-PHC-3,Meropenem,0.0,0.0,0.9307542998188194
SHIM-CHC-1,Mpox Vaccine,0.0,0.0,0.930732968810535
VADO-PHC-4,Chloroquine,0.0,0.0,0.9307225770638692
SANG-PHC-2,Artesunate + Mefloquine,18.6,0.6069930069930071,0.9307203179235632
PUDU-PHC-4,Terizidone,0.0,0.0,0.9307103594661376
ARAR-PHC-2,Chloroquine,0.0,0.0,0.9307103594661376
JALN-CHC-1,Influenza Vaccine (Seasonal),0.0,0.0,0.9307103594661376
PUDU-PHC-4,Chloroquine,19.8,0.6151797603195739,0.9306449619336423
BARA-PHC-2,Isoniazid + Pyrazinamide + Rifampicin,0.0,0.0,0.9304161938130272
ALLA-CHC-1,Budesonide + Salmeterol,0.0,0.0,0.9303263866943609
SHIM-PHC-4,Spectinomycin,0.0,0.0,0.9303177707045213
BARA-PHC-2,Poliomyelitis Vaccine,0.0,0.0,0.930315258232749
VADO-PHC-3,Imipenem + Cilastatin,15.9,0.7035398230088497,0.930033275557946
SANG-PHC-3,Mebendazole,0.0,0.0,0.9299926422591653
KOZH-PHC-3,Spectinomycin,110.7,3.702341137123746,0.9299844127432838
JODH-PHC-4,Metronidazole,0.0,0.0,0.9299256254086112
DARB-PHC-3,Rifapentine,0.0,0.0,0.9298903903986077
VADO-CHC-1,Prednisolone,0.0,0.0,0.929812349705812
BHAG-PHC-4,Clofazimine,16.7,0.6247995724211651,0.9297719922183455
SHIM-PHC-2,"Insulin (Analogue, Rapid-Acting)",0.0,0.0,0.9297647724172621
DARB-PHC-3,Terizidone,125.3,3.9651898734177213,0.9296734601978818
BARA-PHC-4,Mpox Vaccine,1.2,0.046052631578947366,0.9296428109985688
DARB-PHC-3,Rabies Vaccine,29.9,0.8466828478964402,0.9296202120333305
JALN-PHC-3,Poliomyelitis Vaccine,14.9,0.6605446485117163,0.9295955838687816
JALN-PHC-4,Mpox Vaccine,2.2,0.0885566417481311,0.9295328388411531
DARB-CHC-1,Metronidazole,117.5,5.039828431372549,0.9294339684894157
DARB-PHC-4,Mpox Vaccine,0.0,0.0,0.9292995383503821
AZAM-PHC-3,Valsartan + Amlodipine + Hydrochlorothiazide,0.0,0.0,0.9290599439682581
PUDU-PHC-4,Artesunate + Mefloquine,0.0,0.0,0.9289137799851537
AZAM-PHC-4,Poliomyelitis Vaccine,203.3,5.302160953800299,0.928912023250197
JALN-CHC-1,Phenytoin,0.0,0.0,0.9287755881976958
PUDU-PHC-2,Phenytoin,0.0,0.0,0.9287693664212214
JALN-PHC-4,Human Papilloma Virus (Hpv) Vaccine,61.3,1.8519637462235647,0.9286323423638587
SANG-PHC-4,Chloroquine,4.0,0.1413427561837456,0.9284472711712423
BHAG-PHC-2,"Insulin (Analogue, Rapid-Acting)",23.4,0.7361797752808988,0.928360934030605
GHAZ-PHC-2,Phenytoin,0.1,0.005677210056772101,0.9283165381131699
GHAZ-PHC-2,Poliomyelitis Vaccine,0.0,0.0,0.9279761744470695
SANG-CHC-1,Valsartan + Amlodipine + Hydrochlorothiazide,0.0,0.0,0.9277767996479704
JALN-PHC-3,Valsartan + Amlodipine + Hydrochlorothiazide,0.0,0.0,0.9276765019389203
ARAR-CHC-1,Prednisolone,13.5,0.5465587044534413,0.9275893298783306
PUDU-CHC-1,Imipenem + Cilastatin,0.0,0.0,0.9275213335196812
JODH-CHC-1,Respiratory Syncytial Virus Vaccine,0.0,0.0,0.9274708207307603
AZAM-PHC-3,Rabies Vaccine,0.0,0.0,0.9274460358912975
JALN-PHC-3,Clofazimine,0.0,0.0,0.9273913310738915
ARAR-CHC-1,Rabies Vaccine,0.0,0.0,0.9272617426371853
ARAR-PHC-4,Clofazimine,0.0,0.0,0.9271905704601066
SRI-PHC-2,Clofazimine,0.0,0.0,0.927002515133729
GHAZ-PHC-4,Budesonide + Salmeterol,0.0,0.0,0.9268492330545937
GHAZ-PHC-2,Spectinomycin,0.0,0.0,0.9265703851057685
GHAZ-PHC-3,Isoniazid + Pyrazinamide + Rifampicin,123.7,4.147030651340996,0.9263791173667273
PUDU-PHC-4,Chloramphenicol,0.0,0.0,0.92624798751011
KOZH-CHC-1,Quinine,0.0,0.0,0.9262208317673362
BARA-PHC-2,Budesonide + Salmeterol,0.0,0.0,0.9260541026325619
BHAG-CHC-1,Isoniazid + Pyrazinamide + Rifampicin,0.0,0.0,0.9256490678514369
JALN-PHC-4,Mometasone + Formoterol,0.0,0.0,0.9253971299419298
SRI-CHC-1,Haemophilus Influenzae Type B Vaccine,0.0,0.0,0.9252582059782157
VADO-PHC-4,Pertussis Vaccine,0.0,0.0,0.9251990992829758
VADO-PHC-2,Micafungin,0.0,0.0,0.9251317060554963
JALN-PHC-4,Imipenem + Cilastatin,0.0,0.0,0.9250413293053059
VADO-PHC-3,Typhoid Vaccine,0.0,0.0,0.9249759171974142
ARAR-PHC-3,Isoniazid + Pyrazinamide + Rifampicin,0.0,0.0,0.9248792903140818
BHAG-PHC-4,Hydralazine,0.0,0.0,0.924856492671758
JALN-CHC-1,Valsartan + Amlodipine + Hydrochlorothiazide,0.0,0.0,0.9247182154241146
JODH-CHC-1,Rabies Vaccine,0.0,0.0,0.9243771677955533
ARAR-PHC-2,Poliomyelitis Vaccine,0.0,0.0,0.9241527831102426
SRI-PHC-3,Pertussis Vaccine,111.3,5.085509138381202,0.9238368885000958
PUDU-PHC-2,Human Papilloma Virus (Hpv) Vaccine,0.0,0.0,0.9236284498250447
AZAM-PHC-3,Typhoid Vaccine,13.6,0.6059834500318269,0.9234565800962972
DARB-PHC-2,Clofazimine,106.1,4.325567850902737,0.9234024791582646
BHAG-PHC-2,Prednisolone,0.0,0.0,0.9233023145896007
PUDU-PHC-2,Rifapentine,121.2,4.996466431095406,0.922905724215843
SHIM-PHC-3,Haemophilus Influenzae Type B Vaccine,0.0,0.0,0.9228746925505233
PUDU-CHC-1,Haemophilus Influenzae Type B Vaccine,39.2,0.903225806451613,0.922870439934309
ARAR-PHC-4,Haemophilus Influenzae Type B Vaccine,80.2,2.376799322607959,0.9227112533154498
BARA-PHC-3,Clofazimine,0.0,0.0,0.9222679070163516
BHAG-PHC-4,Terizidone,100.3,5.076644974692697,0.9218229832938003
DARB-PHC-2,Quinine,0.0,0.0,0.921637452534258
KOZH-CHC-1,Influenza Vaccine (Seasonal),0.0,0.0,0.9212982023594269
BHAG-CHC-1,Haemophilus Influenzae Type B Vaccine,0.0,0.0,0.9211341019683826
BARA-PHC-4,Mometasone + Formoterol,0.0,0.0,0.9211089153168934
BARA-CHC-1,"Insulin (Analogue, Long-Acting)",0.0,0.0,0.9209253546328057
SRI-PHC-3,Hydralazine,0.0,0.0,0.920866149746895
SHIM-PHC-4,Chloroquine,0.0,0.0,0.9202635088854539
UTTA-PHC-2,Quinine,0.0,0.0,0.920050966095113
SHIM-CHC-1,Metronidazole,148.0,4.3694643610291015,0.9198012597196389
BARA-PHC-2,"Insulin (Analogue, Rapid-Acting)",0.0,0.0,0.9197699726394387
SHIM-CHC-1,"Insulin (Analogue, Long-Acting)",0.0,0.0,0.9196084603488718
ALLA-PHC-4,Rabies Vaccine,0.0,0.0,0.9192380466985793
BARA-PHC-3,Terizidone,0.0,0.0,0.9192338905887822
SRI-PHC-4,Imipenem + Cilastatin,0.0,0.0,0.9189466378169165
ALLA-PHC-3,Hydralazine,0.0,0.0,0.918558594253609
GHAZ-PHC-3,Clofazimine,0.0,0.0,0.9185476753840738
BARA-CHC-1,Budesonide + Salmeterol,0.0,0.0,0.9182841233310453
DARB-PHC-3,Mometasone + Formoterol,0.0,0.0,0.918275166368371
DARB-PHC-3,Spectinomycin,186.3,4.2631578947368425,0.9182660878075305
BHAG-CHC-1,Mebendazole,0.0,0.0,0.9178608854257733
JALN-CHC-1,Budesonide + Salmeterol,0.0,0.0,0.9178531827794443
UTTA-CHC-1,Imipenem + Cilastatin,0.0,0.0,0.9177849162497572
SANG-PHC-4,Clofazimine,0.0,0.0,0.9177438000467428
UTTA-PHC-4,Rifapentine,0.0,0.0,0.9177363650642397
SRI-PHC-2,Rabies Vaccine,32.7,0.9282238442822384,0.9177357715786659
BARA-PHC-4,Pretomanid,0.0,0.0,0.9176863256087614
KOZH-CHC-1,"Insulin (Analogue, Rapid-Acting)",0.0,0.0,0.9175459296510409
SRI-PHC-4,Meropenem,0.0,0.0,0.9170916846998907
SHIM-PHC-2,Typhoid Vaccine,0.0,0.0,0.9170916846998907
KOZH-CHC-1,Rifapentine,0.0,0.0,0.9166194809601195
SRI-PHC-2,Bedaquiline,0.0,0.0,0.9166194809601195
JODH-PHC-2,Amoxicillin,131.3,4.6372351160444,0.9164800523156619
JODH-PHC-3,Mpox Vaccine,0.0,0.0,0.9164539678382003
SRI-PHC-2,Spectinomycin,0.0,0.0,0.9164266954761544
DARB-CHC-1,Mpox Vaccine,0.0,0.0,0.916337487786904
SRI-PHC-4,Chloramphenicol,0.0,0.0,0.9163054927192478
UTTA-CHC-1,Human Papilloma Virus (Hpv) Vaccine,0.0,0.0,0.9162709484157516
JODH-CHC-1,Influenza Vaccine (Seasonal),0.0,0.0,0.9160068852581504
VADO-PHC-2,Mometasone + Formoterol,0.0,0.0,0.9159954246261665
BHAG-PHC-4,Rifapentine,0.0,0.0,0.9158024920217395
SHIM-PHC-2,Isoniazid + Pyrazinamide + Rifampicin,0.0,0.0,0.9156996283329466
SRI-PHC-2,Haemophilus Influenzae Type B Vaccine,135.0,3.924418604651163,0.9156925065456266
ALLA-PHC-4,Quinine,0.0,0.0,0.9155904130133659
DARB-PHC-3,Haemophilus Influenzae Type B Vaccine,0.0,0.0,0.9155216553840725
AZAM-PHC-4,Typhoid Vaccine,0.0,0.0,0.9153797327122151
ARAR-CHC-1,Hydralazine,0.0,0.0,0.9153533386163636
SANG-PHC-4,Haemophilus Influenzae Type B Vaccine,0.0,0.0,0.9152880588230633
PUDU-PHC-2,Ethionamide,0.0,0.0,0.9152600113761657
VADO-PHC-2,Rabies Vaccine,0.0,0.0,0.9152400481578605
ALLA-CHC-1,Erythropoiesis-Stimulating Agents,0.0,0.0,0.9151482369680504
ARAR-CHC-1,"Insulin (Analogue, Long-Acting)",0.0,0.0,0.9151335397500311
GHAZ-PHC-4,Phenytoin,0.0,0.0,0.9148784821883164
PUDU-PHC-3,Imipenem + Cilastatin,111.7,3.7663776493256256,0.9148779726904357
BHAG-PHC-3,Imipenem + Cilastatin,157.6,5.510489510489511,0.9148415747205518
JODH-PHC-3,Pertussis Vaccine,0.0,0.0,0.9148181014146928
UTTA-PHC-4,Meropenem,0.0,0.0,0.9147171712857544
SANG-PHC-2,Pertussis Vaccine,0.0,0.0,0.9146259765546818
SHIM-PHC-3,Artemether,0.0,0.0,0.9146259765546818
JALN-PHC-2,Flucloxacillin,0.0,0.0,0.9145092179643037
SANG-CHC-1,Pneumococcal Vaccine,0.0,0.0,0.9143682308580708
DARB-PHC-2,Hydralazine,0.0,0.0,0.9143682308580708
GHAZ-PHC-2,Rabies Vaccine,0.0,0.0,0.91432761194765
GHAZ-PHC-3,Chloramphenicol,0.0,0.0,0.9141730865339397
SRI-PHC-3,Artemether,1.9,0.06838046272493573,0.9140414948040502
SRI-CHC-1,Poliomyelitis Vaccine,0.0,0.0,0.9138416215187555
UTTA-PHC-3,Quinine,0.0,0.0,0.9137831261307641
SRI-PHC-4,Isoniazid + Pyrazinamide + Rifampicin,0.0,0.0,0.9134748293093331
BARA-CHC-1,Clofazimine,0.0,0.0,0.9133946201143825
SHIM-PHC-2,Clofazimine,0.0,0.0,0.9133862331589884
SANG-PHC-3,Respiratory Syncytial Virus Vaccine,0.0,0.0,0.9133801129934204
AZAM-PHC-3,Bedaquiline,0.0,0.0,0.9131489532771058
PUDU-PHC-2,Artesunate + Mefloquine,0.0,0.0,0.9130158581849771
SRI-CHC-1,"Insulin (Analogue, Long-Acting)",0.0,0.0,0.9129956411403901
VADO-CHC-1,Respiratory Syncytial Virus Vaccine,0.0,0.0,0.9129472408245239
SHIM-PHC-3,Imipenem + Cilastatin,0.0,0.0,0.9126108268563107
SRI-PHC-2,Flucloxacillin,6.3,0.24623115577889443,0.9125976093103217
VADO-PHC-4,Amoxicillin,0.0,0.0,0.9124700781913974
SANG-PHC-2,Meropenem,0.0,0.0,0.9124700781913974
BARA-PHC-2,Human Papilloma Virus (Hpv) Vaccine,0.0,0.0,0.9124700781913974
BHAG-PHC-4,"Insulin (Analogue, Rapid-Acting)",0.0,0.0,0.9123728575447204
SRI-PHC-3,Amoxicillin,1.7,0.06596452328159645,0.9122848271281264
BARA-PHC-2,Flucloxacillin,0.0,0.0,0.9119694345912462
ARAR-PHC-3,Phenytoin,0.0,0.0,0.9116959949733151
BARA-PHC-4,Prednisolone,0.0,0.0,0.9116643523291964
JODH-PHC-2,Prednisolone,0.0,0.0,0.9116080007216204
GHAZ-PHC-4,Erythropoiesis-Stimulating Agents,0.0,0.0,0.9116059946707957
GHAZ-PHC-2,"Insulin (Analogue, Rapid-Acting)",0.0,0.0,0.9115594292626147
UTTA-PHC-3,Spectinomycin,18.9,0.8459079283887466,0.9112604842470383
GHAZ-PHC-4,Prednisolone,0.0,0.0,0.9112568030231448
ARAR-PHC-2,Rabies Vaccine,0.0,0.0,0.9110903221838792
JALN-PHC-4,Budesonide + Salmeterol,0.0,0.0,0.9110710578151084
VADO-PHC-2,Isoniazid + Pyrazinamide + Rifampicin,0.0,0.0,0.9109826570741348
JODH-PHC-3,"Insulin (Analogue, Long-Acting)",0.0,0.0,0.9109685741238727
JODH-CHC-1,"Insulin (Analogue, Rapid-Acting)",140.2,3.9068471337579616,0.9107064107704714
GHAZ-CHC-1,Imipenem + Cilastatin,0.0,0.0,0.9104533208106275
SRI-CHC-1,Chloramphenicol,0.0,0.0,0.9104533208106275
JODH-PHC-4,Rifapentine,153.9,4.269916765755053,0.9103353940433733
JODH-PHC-2,Rifapentine,0.0,0.0,0.9102014437588277
BARA-CHC-1,Human Papilloma Virus (Hpv) Vaccine,0.0,0.0,0.9101681922233428
DARB-CHC-1,Phenytoin,0.0,0.0,0.9098936204341014
BHAG-PHC-4,Meropenem,0.0,0.0,0.9097458672998254
SANG-CHC-1,"Insulin (Analogue, Long-Acting)",0.0,0.0,0.9096488828135083
PUDU-PHC-4,Human Papilloma Virus (Hpv) Vaccine,0.0,0.0,0.9095822106059298
BHAG-CHC-1,Respiratory Syncytial Virus Vaccine,0.0,0.0,0.9094028936102042
SHIM-CHC-1,Influenza Vaccine (Seasonal),0.0,0.0,0.9093957484203387
PUDU-PHC-4,Rifapentine,0.0,0.0,0.9093159513257963
ARAR-PHC-4,Mpox Vaccine,168.0,4.661117717003567,0.9091088414278644
DARB-PHC-2,Haemophilus Influenzae Type B Vaccine,0.0,0.0,0.9089968935917107
JODH-PHC-2,Bedaquiline,0.0,0.0,0.9089955962628364
SANG-PHC-2,Phenytoin,0.0,0.0,0.9088406344233083
VADO-PHC-3,Meropenem,0.0,0.0,0.9086777494369545
AZAM-CHC-1,Chloramphenicol,0.0,0.0,0.9086503374579095
ALLA-PHC-3,Pneumococcal Vaccine,0.0,0.0,0.9085948840396045
JALN-PHC-3,Umeclidinium,0.0,0.0,0.9081841863630551
SRI-PHC-2,"Insulin (Analogue, Rapid-Acting)",0.0,0.0,0.9081841863630551
DARB-PHC-2,Umeclidinium,0.0,0.0,0.9079685408471871
VADO-CHC-1,Flucloxacillin,0.0,0.0,0.9075228966382979
SHIM-PHC-2,Poliomyelitis Vaccine,130.4,5.051466519092418,0.9073989892467211
SHIM-PHC-2,Artemether,0.0,0.0,0.906386544718552
SRI-PHC-3,Rabies Vaccine,174.1,4.669348659003831,0.9062643549549437
JODH-CHC-1,Poliomyelitis Vaccine,0.0,0.0,0.9061849648593892
VADO-CHC-1,Budesonide + Salmeterol,136.4,4.814926878466969,0.9058635179137686
UTTA-CHC-1,Phenytoin,0.0,0.0,0.9055650259082709
SHIM-PHC-3,Amoxicillin,0.0,0.0,0.9053317766690455
PUDU-PHC-4,Poliomyelitis Vaccine,165.3,5.240489130434783,0.9049903697019585
JODH-PHC-4,"Insulin (Analogue, Long-Acting)",0.0,0.0,0.9048074225509325
PUDU-PHC-4,Mometasone + Formoterol,0.0,0.0,0.9045919264741984
BHAG-PHC-3,Mpox Vaccine,102.4,4.597819114817191,0.9045399546278177
JALN-PHC-3,Erythropoiesis-Stimulating Agents,0.0,0.0,0.9039829771415789
AZAM-CHC-1,Umeclidinium,0.0,0.0,0.9025511517936571
SANG-CHC-1,Bedaquiline,0.0,0.0,0.9024794893745386
AZAM-CHC-1,"Insulin (Analogue, Long-Acting)",105.4,5.741634241245136,0.9021990218324318
ALLA-CHC-1,Clofazimine,0.0,0.0,0.9021469205923882
KOZH-PHC-3,Pertussis Vaccine,0.0,0.0,0.9019261025287119
GHAZ-CHC-1,Typhoid Vaccine,150.2,4.188844621513944,0.9018302237933323
JODH-CHC-1,Spectinomycin,0.0,0.0,0.9012502837172207
GHAZ-CHC-1,Isoniazid + Pyrazinamide + Rifampicin,0.0,0.0,0.9006178092910796
KOZH-CHC-1,Pneumococcal Vaccine,0.0,0.0,0.8999824661882169
JALN-PHC-4,Haemophilus Influenzae Type B Vaccine,0.6,0.025074626865671645,0.8997955142244564
PUDU-PHC-4,Hydralazine,0.0,0.0,0.899764981328566
PUDU-PHC-2,Pneumococcal Vaccine,0.0,0.0,0.8996475487677396
DARB-CHC-1,Bedaquiline,0.0,0.0,0.8992356433897184
ARAR-PHC-4,Phenytoin,0.0,0.0,0.8988767306490668
JODH-PHC-2,Chloroquine,0.0,0.0,0.8986777912557318
PUDU-PHC-3,Bedaquiline,0.0,0.0,0.8984103422983043
DARB-PHC-3,Isoniazid + Pyrazinamide + Rifampicin,0.0,0.0,0.898263960068689
SRI-PHC-3,Erythropoiesis-Stimulating Agents,0.0,0.0,0.8978725065649874
VADO-CHC-1,Metronidazole,0.0,0.0,0.897797046079061
JODH-PHC-2,Influenza Vaccine (Seasonal),0.0,0.0,0.8975323806254335
JALN-PHC-2,Hydralazine,0.0,0.0,0.8974350191448861
KOZH-PHC-4,Artemether,2.5,0.2147239263803681,0.8974231770620174
AZAM-CHC-1,Phenytoin,7.8,0.40414507772020725,0.8973516024087108
UTTA-CHC-1,Pneumococcal Vaccine,0.0,0.0,0.8970775018749405
GHAZ-PHC-2,"Insulin (Analogue, Long-Acting)",144.9,4.761971830985916,0.8968819271482782
SRI-PHC-4,Pneumococcal Vaccine,0.0,0.0,0.8968309743408205
SANG-PHC-3,Spectinomycin,0.0,0.0,0.8966289812493093
KOZH-PHC-2,"Insulin (Analogue, Long-Acting)",0.0,0.0,0.8965896570716597
BARA-PHC-4,Metronidazole,0.0,0.0,0.8965423022414066
BARA-CHC-1,Respiratory Syncytial Virus Vaccine,0.0,0.0,0.8963229433359704
PUDU-PHC-2,Budesonide + Salmeterol,115.6,5.038605230386053,0.8963172485770999
ARAR-PHC-3,Rabies Vaccine,0.0,0.0,0.8959307790551824
SANG-PHC-2,"Insulin (Analogue, Long-Acting)",0.0,0.0,0.8957219559497993
DARB-PHC-3,Umeclidinium,0.0,0.0,0.8955774625896545
GHAZ-PHC-3,Ethionamide,25.0,0.894683026584867,0.8954836926896288
BHAG-PHC-4,Human Papilloma Virus (Hpv) Vaccine,0.0,0.0,0.8952555536950642
GHAZ-PHC-4,Human Papilloma Virus (Hpv) Vaccine,27.0,0.9324124321657623,0.8951536069723497
BHAG-CHC-1,Pertussis Vaccine,0.0,0.0,0.8948084830269902
SRI-PHC-2,Valsartan + Amlodipine + Hydrochlorothiazide,26.4,1.4171779141104293,0.8947950379706737
BARA-CHC-1,Flucloxacillin,0.0,0.0,0.894484671506223
PUDU-PHC-3,Chloramphenicol,0.0,0.0,0.8937659002605468
ALLA-PHC-4,Valsartan + Amlodipine + Hydrochlorothiazide,0.0,0.0,0.8936105338134647
PUDU-PHC-3,Isoniazid + Pyrazinamide + Rifampicin,0.0,0.0,0.8932703424773436
BHAG-CHC-1,Ethionamide,244.6,5.2042553191489365,0.8932454036654056
GHAZ-PHC-4,Mebendazole,0.0,0.0,0.8929934710122839
SANG-PHC-2,Poliomyelitis Vaccine,137.9,3.9448304045770333,0.892740848047732
GHAZ-PHC-2,Artesunate + Mefloquine,0.0,0.0,0.8925474013165672
JODH-CHC-1,Pretomanid,22.7,0.9137435307648073,0.8925339679822565
ALLA-CHC-1,Human Papilloma Virus (Hpv) Vaccine,0.0,0.0,0.8923993512573982
SHIM-PHC-3,Ethionamide,0.0,0.0,0.8918276878719466
GHAZ-PHC-3,Quinine,0.0,0.0,0.8916012580641015
DARB-PHC-2,Poliomyelitis Vaccine,0.0,0.0,0.8915245529158403
DARB-PHC-2,Rabies Vaccine,0.0,0.0,0.8913544636494226
PUDU-PHC-4,Erythropoiesis-Stimulating Agents,6.8,0.34048640915593703,0.8909926597306396
JODH-PHC-4,Rabies Vaccine,0.0,0.0,0.8908512315988136
PUDU-PHC-3,Artemether,0.0,0.0,0.8908509680526526
PUDU-PHC-4,Respiratory Syncytial Virus Vaccine,0.0,0.0,0.890497947172957
ALLA-CHC-1,Isoniazid + Pyrazinamide + Rifampicin,0.0,0.0,0.8904902865808287
GHAZ-PHC-3,Pneumococcal Vaccine,0.0,0.0,0.8904902865808287
ALLA-PHC-3,Rabies Vaccine,0.0,0.0,0.8904195764803923
AZAM-PHC-2,"Insulin (Analogue, Rapid-Acting)",0.0,0.0,0.8904181600447155
AZAM-PHC-2,Hydralazine,0.0,0.0,0.8898465937116946
UTTA-PHC-2,"Insulin (Analogue, Long-Acting)",0.0,0.0,0.8896063569518052
JALN-PHC-3,Chloramphenicol,9.0,0.473328324567994,0.8892314127060067
UTTA-PHC-4,Clofazimine,0.0,0.0,0.8892212823611629
DARB-PHC-4,Chloramphenicol,0.0,0.0,0.8885588748499097
SHIM-PHC-2,Umeclidinium,0.0,0.0,0.8885199036129021
JODH-PHC-4,Artemether,0.0,0.0,0.8884524768520274
JALN-PHC-2,Rabies Vaccine,106.3,4.766816143497757,0.8883445616770992
AZAM-PHC-2,Pretomanid,169.4,5.175905718027062,0.8881155849262411
BHAG-PHC-2,Mometasone + Formoterol,0.0,0.0,0.8880216043916611
ALLA-PHC-4,Bedaquiline,12.9,0.5672110552763819,0.8878559809925395
SHIM-PHC-2,Phenytoin,0.0,0.0,0.8877415111532027
GHAZ-PHC-3,Mometasone + Formoterol,0.0,0.0,0.8876687233315632
UTTA-PHC-2,Poliomyelitis Vaccine,0.0,0.0,0.8871659229419239
JODH-PHC-4,Mpox Vaccine,0.0,0.0,0.8871172534175292
UTTA-CHC-1,Prednisolone,0.0,0.0,0.886955938388575
BARA-PHC-3,Metronidazole,111.1,4.885050251256281,0.8868888418068612
SANG-PHC-2,Amoxicillin,191.3,4.921352443954429,0.8864971521171671
ARAR-PHC-4,Amoxicillin,0.0,0.0,0.8862592030752349
KOZH-PHC-3,"Insulin (Analogue, Long-Acting)",0.0,0.0,0.8861145168356698
KOZH-PHC-3,Flucloxacillin,0.0,0.0,0.8860345560364802
JODH-PHC-3,Chloroquine,0.8,0.04175988068605518,0.8857309423574119
UTTA-CHC-1,Pretomanid,15.7,0.7390719569603229,0.885688919334733
UTTA-PHC-2,Typhoid Vaccine,0.0,0.0,0.8856163575093753
BHAG-PHC-3,Prednisolone,4.2,0.17604790419161678,0.8855637353835101
KOZH-PHC-3,Valsartan + Amlodipine + Hydrochlorothiazide,0.0,0.0,0.8850664218057144
SANG-CHC-1,Chloroquine,0.0,0.0,0.8849909933570725
SANG-PHC-3,Influenza Vaccine (Seasonal),0.0,0.0,0.8849524991745873
PUDU-PHC-2,Hydralazine,0.0,0.0,0.8847544141754535
GHAZ-PHC-4,Amoxicillin,0.0,0.0,0.8847544141754535
SHIM-PHC-3,Flucloxacillin,0.0,0.0,0.8846680305522362
JODH-PHC-3,Hydralazine,0.0,0.0,0.8844863427529943
JODH-CHC-1,Budesonide + Salmeterol,0.0,0.0,0.8843738788932367
UTTA-PHC-2,Respiratory Syncytial Virus Vaccine,0.0,0.0,0.884276411361619
SHIM-PHC-2,Pertussis Vaccine,0.0,0.0,0.8842271267180247
SHIM-CHC-1,Haemophilus Influenzae Type B Vaccine,0.0,0.0,0.8840687790485064
DARB-PHC-3,Meropenem,17.1,0.9417781274586939,0.8837330389069824
SHIM-PHC-3,Terizidone,0.0,0.0,0.8832929281367278
UTTA-PHC-4,Pretomanid,0.0,0.0,0.8832929281367278
KOZH-CHC-1,Mpox Vaccine,0.0,0.0,0.8832382007719497
JODH-CHC-1,Mpox Vaccine,29.3,0.9771319676036209,0.8829333877039001
GHAZ-PHC-4,Chloroquine,196.8,5.264042797095912,0.8827324804137241
JODH-PHC-2,Respiratory Syncytial Virus Vaccine,0.0,0.0,0.8819505212128207
ALLA-PHC-4,Pneumococcal Vaccine,45.1,1.3969026548672567,0.8812912178426662
ALLA-PHC-3,Amoxicillin,0.0,0.0,0.8812082989261083
PUDU-PHC-3,"Insulin (Analogue, Rapid-Acting)",0.0,0.0,0.8810870203373975
PUDU-CHC-1,Poliomyelitis Vaccine,0.0,0.0,0.8809433318322302
SRI-PHC-4,Rabies Vaccine,189.6,6.266288951841359,0.8805846131135695
UTTA-PHC-4,Valsartan + Amlodipine + Hydrochlorothiazide,0.0,0.0,0.8791651351684263
KOZH-PHC-3,Artesunate + Mefloquine,0.0,0.0,0.8788925239582484
KOZH-PHC-2,Clofazimine,30.9,0.978733031674208,0.878576465076834
VADO-PHC-4,Typhoid Vaccine,0.0,0.0,0.8781164968822286
JALN-CHC-1,Clofazimine,176.9,4.871361132966168,0.8770995586838077
ALLA-PHC-2,Amoxicillin,159.7,5.2385192127460165,0.8768070807415049
JODH-PHC-3,Pneumococcal Vaccine,19.9,0.9528043775649793,0.8755295491693973
PUDU-PHC-4,Meropenem,0.0,0.0,0.8752286926599488
JODH-PHC-2,Phenytoin,110.2,4.633033033033033,0.8751479457298066
GHAZ-PHC-2,Artemether,0.0,0.0,0.8751339281553357
SANG-PHC-3,Quinine,0.0,0.0,0.874910744438849
BARA-PHC-2,Pertussis Vaccine,0.0,0.0,0.8748946641431844
ALLA-PHC-3,"Insulin (Analogue, Rapid-Acting)",0.0,0.0,0.8747426292862468
ALLA-CHC-1,Haemophilus Influenzae Type B Vaccine,0.0,0.0,0.8738149096435283
SANG-CHC-1,Mometasone + Formoterol,23.0,1.0841750841750841,0.8734772642054368
SANG-CHC-1,Chloramphenicol,0.0,0.0,0.8734709586303704
JALN-PHC-2,Chloramphenicol,0.0,0.0,0.8734257255417683
DARB-PHC-2,Respiratory Syncytial Virus Vaccine,39.2,1.302325581395349,0.8733771683914905
UTTA-PHC-3,Pretomanid,0.0,0.0,0.8726000781562502
GHAZ-PHC-4,Rabies Vaccine,0.0,0.0,0.8725354313605472
SRI-PHC-2,Poliomyelitis Vaccine,0.0,0.0,0.8724745734867588
PUDU-PHC-4,Clofazimine,0.0,0.0,0.8724745734867588
SRI-PHC-3,Pneumococcal Vaccine,0.0,0.0,0.8724745734867588
KOZH-CHC-1,Ethionamide,0.0,0.0,0.8723231224174951
UTTA-PHC-3,Imipenem + Cilastatin,0.0,0.0,0.8722108724558156
SHIM-PHC-4,Pneumococcal Vaccine,0.0,0.0,0.8721557347609712
KOZH-PHC-4,Imipenem + Cilastatin,0.0,0.0,0.8712854845682036
UTTA-PHC-2,Artemether,0.0,0.0,0.8710559780574147
VADO-PHC-3,Rabies Vaccine,0.0,0.0,0.8708494526402503
SHIM-PHC-3,Artesunate + Mefloquine,0.0,0.0,0.8707301900586453
SHIM-PHC-2,Mpox Vaccine,0.0,0.0,0.8705630695048792
SRI-PHC-3,Mpox Vaccine,0.0,0.0,0.8705630695048792
BARA-PHC-2,Artesunate + Mefloquine,0.0,0.0,0.8704202174153556
SRI-PHC-3,Budesonide + Salmeterol,0.0,0.0,0.8703924117195156
AZAM-PHC-4,Budesonide + Salmeterol,0.0,0.0,0.8701129321320455
BHAG-PHC-3,Meropenem,0.0,0.0,0.869997616454411
GHAZ-PHC-3,Artemether,0.0,0.0,0.8695858725532853
ALLA-CHC-1,Rabies Vaccine,0.0,0.0,0.869436923230563
ARAR-PHC-3,Quinine,0.0,0.0,0.8693813816686145
AZAM-CHC-1,Poliomyelitis Vaccine,0.0,0.0,0.8692998460697625
UTTA-PHC-3,Ethionamide,0.0,0.0,0.869246993279062
UTTA-CHC-1,Clofazimine,0.0,0.0,0.869246993279062
GHAZ-PHC-4,Mometasone + Formoterol,0.0,0.0,0.869246993279062
SRI-CHC-1,Clofazimine,0.0,0.0,0.8691653864159804
SRI-PHC-3,Rifapentine,151.1,5.200098328416912,0.8690535714869436
AZAM-PHC-4,Ethionamide,0.0,0.0,0.8685177671367086
PUDU-PHC-4,Artemether,40.8,1.4089787863838183,0.8685001240235865
DARB-PHC-3,Typhoid Vaccine,0.0,0.0,0.8681474829777858
PUDU-PHC-3,Metronidazole,0.0,0.0,0.8680207872797693
PUDU-CHC-1,Ethionamide,0.0,0.0,0.8676767493065891
ALLA-PHC-3,Pertussis Vaccine,0.0,0.0,0.8672844012722786
ARAR-CHC-1,Mebendazole,0.0,0.0,0.867169499506185
GHAZ-PHC-2,Prednisolone,106.1,5.989516129032258,0.8667163421115535
AZAM-PHC-3,Pertussis Vaccine,29.3,1.4047945205479453,0.8664056698624065
GHAZ-CHC-1,Hydralazine,120.7,5.580581241743725,0.8648933704333922
ARAR-PHC-4,Rifapentine,110.2,5.875095201827874,0.8646937330460466
VADO-CHC-1,Spectinomycin,35.1,1.1072555205047316,0.8644976640325774
GHAZ-PHC-2,Budesonide + Salmeterol,38.0,1.5011286681715574,0.8641241495036508
ARAR-CHC-1,"Insulin (Analogue, Rapid-Acting)",0.0,0.0,0.863701404379439
GHAZ-PHC-4,Mpox Vaccine,0.0,0.0,0.8632579880308937
ALLA-PHC-2,Erythropoiesis-Stimulating Agents,0.0,0.0,0.8628841219116835
SHIM-PHC-4,Poliomyelitis Vaccine,0.0,0.0,0.8621100229513309
DARB-CHC-1,Micafungin,16.0,1.4640522875816995,0.8615999249162041
SHIM-CHC-1,Umeclidinium,18.3,0.8690637720488468,0.8615894934009714
ALLA-PHC-4,Chloramphenicol,225.6,4.857582282374654,0.8597959992722269
UTTA-CHC-1,Chloroquine,138.0,4.613180515759312,0.8594527297120255
SRI-PHC-2,Umeclidinium,0.0,0.0,0.8590112284170498
KOZH-PHC-3,Isoniazid + Pyrazinamide + Rifampicin,25.8,1.4925619834710746,0.8579239773976681
SHIM-CHC-1,Meropenem,141.9,4.905185185185186,0.8571004710894055
PUDU-PHC-2,Isoniazid + Pyrazinamide + Rifampicin,0.0,0.0,0.8566503064498132
BHAG-PHC-2,Respiratory Syncytial Virus Vaccine,156.5,5.6614987080103365,0.8565323177860705
VADO-PHC-2,Rifapentine,204.8,5.659692064745361,0.8563466779230109
JODH-PHC-3,Human Papilloma Virus (Hpv) Vaccine,0.0,0.0,0.8559724916884048
SHIM-PHC-4,Terizidone,0.0,0.0,0.8552030539562376
GHAZ-PHC-3,Terizidone,35.8,1.0741534504929275,0.8546186166576343
BARA-PHC-4,Hydralazine,0.0,0.0,0.8544495729693526
SRI-PHC-4,Phenytoin,127.1,4.835326086956521,0.8540839804875804
SHIM-PHC-3,Pertussis Vaccine,22.8,1.034348671419313,0.8526542747529602
UTTA-PHC-3,Rabies Vaccine,39.1,1.3886352105530186,0.852356552099526
ALLA-PHC-2,Metronidazole,0.0,0.0,0.8522882880092787
DARB-CHC-1,"Insulin (Analogue, Long-Acting)",0.0,0.0,0.8514624599140835
UTTA-CHC-1,Artemether,36.3,1.2181208053691275,0.8512689082273137
BHAG-PHC-4,Prednisolone,0.0,0.0,0.8505320027453903
PUDU-PHC-2,Pretomanid,0.0,0.0,0.8500011120841547
SHIM-PHC-4,Rifapentine,0.0,0.0,0.8499701833319138
JODH-PHC-2,"Insulin (Analogue, Long-Acting)",0.0,0.0,0.8498749676258868
SANG-CHC-1,Pretomanid,0.0,0.0,0.8498182509128713
ALLA-PHC-2,Pretomanid,0.0,0.0,0.8489676415611784
DARB-PHC-2,Ethionamide,0.0,0.0,0.8486295835705626
SHIM-CHC-1,Imipenem + Cilastatin,0.0,0.0,0.8485894445997457
ARAR-CHC-1,Valsartan + Amlodipine + Hydrochlorothiazide,120.4,5.234782608695652,0.8485670059402839
KOZH-PHC-4,Spectinomycin,0.0,0.0,0.8483487660094235
BARA-PHC-3,Phenytoin,25.3,2.2792792792792795,0.8483429488085087
SHIM-PHC-2,Mometasone + Formoterol,0.0,0.0,0.8479768570698648
SANG-PHC-4,"Insulin (Analogue, Long-Acting)",0.0,0.0,0.8477633905292609
PUDU-PHC-3,Human Papilloma Virus (Hpv) Vaccine,93.9,5.613151152860803,0.8475883832867966
JODH-PHC-3,Mometasone + Formoterol,0.0,0.0,0.8475228529408688
ALLA-CHC-1,Chloramphenicol,37.2,1.677835051546392,0.8470053987542717
AZAM-PHC-3,Chloroquine,0.0,0.0,0.8469999163692193
KOZH-PHC-4,Bedaquiline,0.0,0.0,0.8468465571596844
BARA-PHC-4,Respiratory Syncytial Virus Vaccine,0.0,0.0,0.8460596808303559
JODH-CHC-1,Chloroquine,42.9,1.4259259259259258,0.845821901090543
SRI-CHC-1,Prednisolone,8.4,0.39410187667560326,0.8456103275485606
JALN-PHC-4,Chloramphenicol,0.0,0.0,0.8444368496733458
PUDU-PHC-4,"Insulin (Analogue, Rapid-Acting)",0.0,0.0,0.8441999900410705
GHAZ-PHC-2,Hydralazine,0.0,0.0,0.8441999900410705
UTTA-CHC-1,Micafungin,7.5,0.6340579710144926,0.8435609113191249
KOZH-PHC-2,Typhoid Vaccine,0.0,0.0,0.8435087828752744
VADO-PHC-3,Influenza Vaccine (Seasonal),0.0,0.0,0.8416576077294348
SHIM-PHC-4,Pertussis Vaccine,33.8,1.5443864229765014,0.8405742316810189
JALN-PHC-3,Flucloxacillin,35.6,1.432183908045977,0.8394730892507384
AZAM-PHC-4,Isoniazid + Pyrazinamide + Rifampicin,120.3,5.3534647171010805,0.8378436475793558
SHIM-PHC-3,Clofazimine,113.0,5.348208248816768,0.8376186769795867
UTTA-PHC-2,Haemophilus Influenzae Type B Vaccine,35.8,1.441887226697353,0.8373859385716464
JODH-PHC-4,Mometasone + Formoterol,127.6,5.171974522292993,0.8372015999600209
VADO-PHC-3,Rifapentine,187.4,5.049268668206314,0.8371530296649918
AZAM-CHC-1,Meropenem,44.9,2.132293080054274,0.8347711898894298
AZAM-PHC-2,Respiratory Syncytial Virus Vaccine,175.2,4.80564263322884,0.834203305854238
VADO-PHC-2,Poliomyelitis Vaccine,0.0,0.0,0.8340644653574758
SRI-PHC-2,Metronidazole,165.6,4.6535527900441584,0.8339455106183055
KOZH-PHC-4,"Insulin (Analogue, Rapid-Acting)",0.0,0.0,0.8308273966659322
ARAR-PHC-2,Mometasone + Formoterol,0.0,0.0,0.8302978091573318
AZAM-CHC-1,Quinine,32.8,1.5286284953395473,0.8302249370889836
JALN-PHC-3,Amoxicillin,0.0,0.0,0.8287507381272804
GHAZ-PHC-2,Umeclidinium,56.9,2.255379388448471,0.8282001730184463
AZAM-CHC-1,Pneumococcal Vaccine,54.1,2.11328125,0.8274208097196895
GHAZ-PHC-4,Flucloxacillin,0.0,0.0,0.8273515114598371
SANG-PHC-4,Erythropoiesis-Stimulating Agents,0.0,0.0,0.8254278772310837
JODH-CHC-1,Terizidone,0.0,0.0,0.8254278772310837
SANG-PHC-3,Ethionamide,42.5,1.286764705882353,0.8246273893757917
DARB-PHC-2,Chloroquine,0.0,0.0,0.8244584323225489
KOZH-CHC-1,Poliomyelitis Vaccine,0.0,0.0,0.8240550099583143
UTTA-PHC-2,Human Papilloma Virus (Hpv) Vaccine,0.0,0.0,0.8240550099583143
ARAR-CHC-1,Flucloxacillin,0.0,0.0,0.8214861996391946
AZAM-PHC-3,"Insulin (Analogue, Long-Acting)",0.0,0.0,0.8210069574545582
AZAM-PHC-2,Terizidone,127.4,5.735048231511254,0.8190144233575757
GHAZ-PHC-3,Human Papilloma Virus (Hpv) Vaccine,80.3,2.2217391304347824,0.8177971085881403
GHAZ-PHC-4,Pertussis Vaccine,63.6,2.4885410844046953,0.817156467012888
KOZH-PHC-4,Clofazimine,0.0,0.0,0.8167117647775907
SANG-PHC-2,Quinine,14.7,0.8909090909090909,0.8166577450123418
DARB-PHC-2,Human Papilloma Virus (Hpv) Vaccine,55.2,2.1103222282905523,0.8138438972258991
JALN-PHC-4,Chloroquine,16.6,0.9683333333333335,0.811401406268154
KOZH-CHC-1,Human Papilloma Virus (Hpv) Vaccine,11.6,0.5116572148708254,0.8102227029154175
JODH-CHC-1,Pneumococcal Vaccine,75.2,2.0238369857747025,0.80954784702904
SRI-PHC-3,Chloramphenicol,253.9,5.262955285756589,0.80756035323613
SANG-PHC-3,Budesonide + Salmeterol,29.8,1.9368616527390903,0.8066001251882565
BARA-PHC-3,Haemophilus Influenzae Type B Vaccine,0.0,0.0,0.8042252068017627
SRI-PHC-2,Erythropoiesis-Stimulating Agents,0.0,0.0,0.8039566751247309
JALN-PHC-2,Chloroquine,163.8,5.188235294117648,0.8029573160818126
BHAG-PHC-2,Amoxicillin,36.6,1.5814814814814815,0.8000481325751023
ARAR-CHC-1,Quinine,276.2,5.065234477338223,0.8000369425865057
KOZH-PHC-3,Clofazimine,0.0,0.0,0.7993640691070679
SHIM-PHC-2,Meropenem,0.0,0.0,0.7979368821121574
JALN-PHC-4,Spectinomycin,20.8,0.9209361163820368,0.7972524775687467
JODH-PHC-2,Spectinomycin,0.0,0.0,0.7969379630626158
JODH-PHC-3,Budesonide + Salmeterol,0.0,0.0,0.7965828707302092
AZAM-CHC-1,Erythropoiesis-Stimulating Agents,0.0,0.0,0.7955641075437486
VADO-PHC-4,"Insulin (Analogue, Long-Acting)",0.0,0.0,0.7955105164011907
JODH-CHC-1,Valsartan + Amlodipine + Hydrochlorothiazide,130.2,5.577723378212974,0.795397351777803
SANG-PHC-4,Mpox Vaccine,0.0,0.0,0.7942141043572213
ARAR-PHC-2,Amoxicillin,72.2,2.2972727272727274,0.7935465867295245
JODH-PHC-2,Umeclidinium,0.0,0.0,0.7906245105364378
KOZH-PHC-4,Isoniazid + Pyrazinamide + Rifampicin,45.2,1.6847710330138448,0.7903802024027681
UTTA-PHC-4,Chloramphenicol,0.0,0.0,0.789990116067614
SRI-PHC-3,Quinine,168.6,6.281000532197977,0.7892654862261534
SRI-PHC-4,"Insulin (Analogue, Long-Acting)",0.0,0.0,0.7815829027520211
JODH-CHC-1,Typhoid Vaccine,0.0,0.0,0.7797959667990028
VADO-CHC-1,Phenytoin,75.4,2.479098168154063,0.7797700768033263
UTTA-CHC-1,Poliomyelitis Vaccine,104.4,3.0848459265512878,0.7781956593589247
SANG-PHC-4,Prednisolone,53.1,2.7615156017830613,0.7778881519527253
AZAM-PHC-3,Mometasone + Formoterol,56.4,3.002281368821293,0.7767007577030123
PUDU-PHC-4,Ethionamide,59.7,2.367705382436261,0.7764328920906975
ALLA-CHC-1,Meropenem,170.6,5.092537313432835,0.7755912653690751
DARB-CHC-1,Chloramphenicol,259.8,5.661892901618929,0.7746668722001879
ALLA-CHC-1,Quinine,62.9,2.6620314389359128,0.7711404412099749
SHIM-PHC-3,Rifapentine,18.2,1.2804020100502513,0.7702174240295079
JALN-PHC-2,Erythropoiesis-Stimulating Agents,43.6,3.1758584807492194,0.7699973311589532
DARB-PHC-3,Pneumococcal Vaccine,74.2,2.8507135016465424,0.7697609522838884
DARB-PHC-4,Quinine,70.7,2.7147558968732857,0.7688303103295752
BHAG-PHC-4,Quinine,17.8,0.9811023622047245,0.7680348950734557
UTTA-PHC-2,Rabies Vaccine,69.3,2.0399495374264087,0.7675687393945629
ALLA-PHC-4,Haemophilus Influenzae Type B Vaccine,236.9,7.610371730151446,0.7675099604073512
GHAZ-PHC-2,Mpox Vaccine,194.4,5.739350485027415,0.7669152491301643
SHIM-PHC-4,Respiratory Syncytial Virus Vaccine,67.0,2.5160944206008584,0.7668280873251762
SANG-CHC-1,Artesunate + Mefloquine,45.9,1.900059136605559,0.7647783299272096
JALN-CHC-1,Pretomanid,64.2,2.895618556701031,0.7645425732115037
VADO-CHC-1,Pertussis Vaccine,0.0,0.0,0.7632091812999365
KOZH-PHC-4,Respiratory Syncytial Virus Vaccine,160.4,5.150458715596331,0.7624677874145405
BARA-PHC-3,Rifapentine,24.3,1.3965517241379313,0.7605302121084451
UTTA-PHC-3,Pneumococcal Vaccine,23.8,1.2795698924731185,0.7575121405335857
AZAM-PHC-2,Ethionamide,154.3,5.757462686567166,0.7567854405165076
ARAR-PHC-3,Mebendazole,52.6,3.9128586609989378,0.7548942977083489
JALN-PHC-3,Imipenem + Cilastatin,249.6,7.122706889523032,0.7544194549069627
VADO-PHC-4,Pretomanid,89.7,3.436781609195403,0.753209117362488
SRI-PHC-3,Metronidazole,260.1,5.151952461799661,0.7531293721437603
KOZH-PHC-2,Respiratory Syncytial Virus Vaccine,185.6,6.349951124144671,0.7509382740950028
BARA-PHC-3,Pretomanid,85.2,3.227272727272727,0.7509097465204229
BHAG-PHC-3,Flucloxacillin,190.1,5.619510135135135,0.7505895100530477
PUDU-CHC-1,Clofazimine,32.2,1.2270005443658138,0.7499767413411964
VADO-PHC-3,"Insulin (Analogue, Rapid-Acting)",157.6,5.394621026894865,0.7493278573031495
SRI-PHC-2,Ethionamide,183.6,5.186440677966102,0.7481594667485842
GHAZ-CHC-1,Rifapentine,82.5,4.240088105726872,0.7480787235067529
JODH-PHC-2,Flucloxacillin,113.4,5.609893992932863,0.7454096994286461
PUDU-PHC-4,Influenza Vaccine (Seasonal),151.6,5.677902621722847,0.7452177897289155
JODH-PHC-4,Imipenem + Cilastatin,64.8,2.8104089219330852,0.7401238984826887
DARB-PHC-3,Mpox Vaccine,41.8,1.7841463414634147,0.739836788162837
AZAM-PHC-3,Hydralazine,88.5,3.535958904109589,0.737665809773505
AZAM-PHC-2,Human Papilloma Virus (Hpv) Vaccine,138.5,6.1790949649458256,0.7371939985863544
BHAG-PHC-2,Mpox Vaccine,52.0,3.86411889596603,0.7367719872150502
VADO-CHC-1,Pneumococcal Vaccine,63.4,3.64367816091954,0.7349201314752328
PUDU-PHC-3,Chloroquine,39.9,1.8077669902912619,0.7337675529563134
DARB-PHC-4,Valsartan + Amlodipine + Hydrochlorothiazide,72.8,2.5724381625441692,0.7282941837276938
KOZH-PHC-2,Ethionamide,36.6,1.5922933499067744,0.7224914447954655
VADO-PHC-3,Respiratory Syncytial Virus Vaccine,118.5,5.83743842364532,0.7219035467392357
ALLA-PHC-3,Spectinomycin,136.4,6.2650918635170605,0.7189481934721308
UTTA-PHC-3,Clofazimine,56.8,2.1353383458646613,0.7151119503681079
SRI-PHC-4,Ethionamide,108.4,4.077377753895755,0.7086020476383638
GHAZ-CHC-1,Flucloxacillin,86.9,4.756059421422987,0.7075542663764955
ARAR-CHC-1,Mometasone + Formoterol,127.0,6.199442119944211,0.7070812048041285
DARB-CHC-1,Influenza Vaccine (Seasonal),63.7,4.218543046357616,0.7070355208227312
KOZH-PHC-3,Terizidone,61.9,2.9739190116678107,0.7064965519405961
JALN-CHC-1,Meropenem,92.7,3.2558956347215253,0.7061217992363967
SHIM-PHC-4,"Insulin (Analogue, Long-Acting)",96.3,3.29150390625,0.7055413643694379
VADO-PHC-2,Influenza Vaccine (Seasonal),194.4,6.064171122994653,0.7020208535565285
AZAM-PHC-3,Umeclidinium,173.0,5.269799825935596,0.7007471180347363
PUDU-PHC-4,Mpox Vaccine,115.2,5.67887323943662,0.7002744898578067
JODH-PHC-3,Respiratory Syncytial Virus Vaccine,76.9,3.2644026682838088,0.6963569108818313
DARB-PHC-4,Artemether,113.4,4.211140583554377,0.6955909065945307
SHIM-PHC-3,Rabies Vaccine,56.2,2.4134969325153377,0.6934274508808825
ALLA-PHC-4,Human Papilloma Virus (Hpv) Vaccine,169.6,5.550257129499766,0.6932896790495252
ALLA-PHC-3,Metronidazole,129.1,3.015348682015349,0.6921500007335314
BARA-PHC-4,Meropenem,71.9,3.7392273402674596,0.6896293718101972
ARAR-PHC-2,Ethionamide,165.4,7.865489130434783,0.6878844590273856
BHAG-CHC-1,Valsartan + Amlodipine + Hydrochlorothiazide,92.8,7.9607843137254894,0.6873648805151604
BHAG-PHC-4,Valsartan + Amlodipine + Hydrochlorothiazide,74.4,3.8237885462555066,0.6870856528909369
AZAM-PHC-2,Haemophilus Influenzae Type B Vaccine,28.4,2.4096969696969692,0.6864414029901064
VADO-PHC-3,Clofazimine,85.6,3.5603089720736776,0.6861138402059697
SANG-PHC-3,Artemether,72.8,4.025276461295419,0.67749777449419
SRI-CHC-1,Pertussis Vaccine,80.6,4.106259097525473,0.6774542588432365
SANG-PHC-2,Pretomanid,107.4,4.252262443438914,0.6756992432096933
BHAG-PHC-4,Flucloxacillin,227.7,7.423847228691196,0.6749374519993618
VADO-PHC-4,Imipenem + Cilastatin,194.0,6.903914590747331,0.670261950496947
SHIM-PHC-3,Erythropoiesis-Stimulating Agents,12.1,1.0803571428571428,0.6678922299360116
SHIM-PHC-4,Artesunate + Mefloquine,172.2,5.41752808988764,0.6654708248402629
KOZH-PHC-3,Metronidazole,187.0,5.5325443786982245,0.6641622562310784
KOZH-PHC-4,Pneumococcal Vaccine,162.9,5.692960559161259,0.6620986455931672
AZAM-CHC-1,Budesonide + Salmeterol,39.9,2.314001657000828,0.6618470686348256
UTTA-PHC-3,Flucloxacillin,49.8,4.215235792019347,0.6608952116665419
VADO-PHC-4,Meropenem,109.4,7.335249042145595,0.660430591818293
ALLA-PHC-3,Haemophilus Influenzae Type B Vaccine,118.4,4.810214741729541,0.6597507134463741
UTTA-PHC-3,Poliomyelitis Vaccine,84.9,3.599636583888552,0.6585636689245477
SHIM-PHC-2,Prednisolone,33.1,1.838888888888889,0.6572886900124256
VADO-PHC-2,Pretomanid,126.5,4.621607515657621,0.6572696206456841
SANG-PHC-2,Human Papilloma Virus (Hpv) Vaccine,94.7,3.7241573033707867,0.6545715688123722
BARA-CHC-1,Typhoid Vaccine,84.5,4.358879882092853,0.6540919113109334
SRI-PHC-2,Artemether,21.7,1.6747519294377067,0.6527589092198017
SRI-PHC-4,Mpox Vaccine,83.0,4.240875912408759,0.6523007423321665
SRI-PHC-3,Valsartan + Amlodipine + Hydrochlorothiazide,95.5,3.6954118297401877,0.649798458318866
JALN-PHC-4,Quinine,87.7,4.61578947368421,0.6473207640397461
PUDU-CHC-1,Artemether,51.9,2.359090909090909,0.6429773236872298
DARB-PHC-4,Influenza Vaccine (Seasonal),181.3,8.001891551071878,0.642626177118633
BHAG-CHC-1,Amoxicillin,96.8,5.087087087087087,0.6392907981237145
UTTA-PHC-3,Umeclidinium,88.8,4.909952606635071,0.6379968082939631
BARA-PHC-3,Mpox Vaccine,87.7,4.876092136616362,0.6372945198369145
SRI-PHC-4,Typhoid Vaccine,101.1,4.291691934505761,0.6321265306358547
SHIM-CHC-1,Spectinomycin,117.0,3.979591836734694,0.6312008411159767
JODH-CHC-1,Chloramphenicol,146.2,5.613823368074602,0.6305011722489288
DARB-CHC-1,Artemether,95.6,4.749467707594038,0.6299409348198622
GHAZ-PHC-2,Haemophilus Influenzae Type B Vaccine,82.2,3.462093862815885,0.6241676508324241
BHAG-PHC-2,Artesunate + Mefloquine,185.7,7.09165302782324,0.621472503591354
ALLA-PHC-3,Budesonide + Salmeterol,167.6,6.937906564163216,0.6199198693034902
ALLA-PHC-3,Phenytoin,148.3,5.536533333333334,0.6182382020598373
ARAR-PHC-2,Respiratory Syncytial Virus Vaccine,113.7,9.475,0.6168779228013631
JALN-PHC-2,Prednisolone,143.2,5.75430539609644,0.6157599102365203
ALLA-PHC-4,Umeclidinium,87.1,5.907945736434108,0.6155101677787983
PUDU-CHC-1,Meropenem,199.9,6.191592920353982,0.612346395710811
BHAG-PHC-2,Budesonide + Salmeterol,161.8,7.172894236858772,0.6120500298255201
JALN-PHC-2,Rifapentine,126.7,4.927222222222222,0.6102338912119037
JODH-CHC-1,Ethionamide,112.6,4.811965811965811,0.6073178593607281
VADO-PHC-4,Mpox Vaccine,140.3,5.340402392604677,0.606421012725649
VADO-PHC-4,Phenytoin,170.6,7.180998196031267,0.603767992876134
BHAG-PHC-2,Artemether,292.8,8.572145545796738,0.6025842782466941
BARA-PHC-4,Amoxicillin,128.2,4.349975763451284,0.6018822046132701
DARB-PHC-4,Pneumococcal Vaccine,125.0,4.552549427679501,0.6003356338246623
AZAM-PHC-2,Meropenem,63.9,3.024340770791075,0.5952735025433632
ALLA-PHC-2,Terizidone,114.4,8.474074074074075,0.5947203358992451
VADO-PHC-3,Spectinomycin,188.1,6.5409836065573765,0.5935581422552039
JALN-CHC-1,Prednisolone,213.7,8.651821862348179,0.5920895851167176
DARB-PHC-2,Pneumococcal Vaccine,189.5,6.05984467793513,0.5913000836221382
AZAM-PHC-4,Amoxicillin,248.6,7.533333333333333,0.586577530141248
GHAZ-CHC-1,Respiratory Syncytial Virus Vaccine,106.9,5.135895676046672,0.5835592895400596
VADO-PHC-2,Spectinomycin,132.6,5.205832865956254,0.5825629632563268
DARB-PHC-2,Amoxicillin,125.2,5.23223880597015,0.5788670657411
BARA-PHC-2,Valsartan + Amlodipine + Hydrochlorothiazide,220.0,6.0510805500982325,0.5777523551534538
AZAM-PHC-2,Budesonide + Salmeterol,69.2,2.4135525660189336,0.5723567971522998
JALN-CHC-1,Amoxicillin,190.7,6.916580310880828,0.5664301649942469
AZAM-PHC-4,Human Papilloma Virus (Hpv) Vaccine,62.7,3.399690162664601,0.5660431031816016
BARA-PHC-2,Hydralazine,125.0,5.7603686635944715,0.5657223866737745
SRI-PHC-3,"Insulin (Analogue, Rapid-Acting)",83.9,4.591868647380767,0.5641502726500524
DARB-CHC-1,Mometasone + Formoterol,94.6,3.91371158392435,0.5611772757536448
GHAZ-PHC-2,Rifapentine,171.9,6.959514170040487,0.557845109992687
JALN-PHC-3,Typhoid Vaccine,163.0,6.965811965811965,0.5571516079680132
AZAM-PHC-4,Pretomanid,147.5,5.7012700165654335,0.5567625188052474
AZAM-PHC-3,Haemophilus Influenzae Type B Vaccine,82.6,3.7569850552306687,0.5540317625465426
SANG-PHC-3,Hydralazine,127.7,5.668357641090679,0.5534762854912839
KOZH-PHC-3,Chloramphenicol,79.4,3.710280373831776,0.5481119771045319
ALLA-PHC-2,Quinine,91.4,3.9912663755458513,0.547681488654883
KOZH-CHC-1,Mometasone + Formoterol,107.8,4.7369742623979905,0.5459450540515588
UTTA-PHC-2,"Insulin (Analogue, Rapid-Acting)",247.3,6.281204644412192,0.5418869792462383
UTTA-PHC-2,Pretomanid,137.7,6.062264150943395,0.5410790661840912
AZAM-PHC-2,Isoniazid + Pyrazinamide + Rifampicin,131.6,5.958602846054332,0.54087754833172
GHAZ-PHC-2,Ethionamide,70.7,3.532476802284083,0.5406645585382319
GHAZ-PHC-2,Mometasone + Formoterol,146.4,6.125523012552302,0.5404037735604839
AZAM-PHC-4,Metronidazole,75.7,4.668722466960352,0.5342507744508658
DARB-PHC-4,Clofazimine,67.4,3.8233387358184765,0.5323814344359892
JODH-PHC-4,"Insulin (Analogue, Rapid-Acting)",231.8,6.171928489920122,0.5247277536835916
GHAZ-PHC-4,Poliomyelitis Vaccine,63.7,3.949512843224092,0.5239051514994013
DARB-PHC-3,Artemether,151.6,5.975225225225225,0.5210413210731119
DARB-PHC-4,Pretomanid,183.9,7.550146627565982,0.5163973029549284
GHAZ-CHC-1,Erythropoiesis-Stimulating Agents,199.1,8.39578313253012,0.5103470492396587
VADO-CHC-1,Mpox Vaccine,93.8,4.015902140672782,0.5054946681202662
PUDU-PHC-3,Erythropoiesis-Stimulating Agents,161.5,5.94062007356805,0.5046621875564672
