facility_id,day,patient_footfall
BHAG-CHC-1,0,113
BHAG-CHC-1,1,135
BHAG-CHC-1,2,135
BHAG-CHC-1,3,152
BHAG-CHC-1,4,140
BHAG-CHC-1,5,103
BHAG-CHC-1,6,113
BHAG-CHC-1,7,146
BHAG-CHC-1,8,154
BHAG-CHC-1,9,157
BHAG-CHC-1,10,134
BHAG-CHC-1,11,139
BHAG-CHC-1,12,96
BHAG-CHC-1,13,111
BHAG-CHC-1,14,128
BHAG-CHC-1,15,144
BHAG-CHC-1,16,108
BHAG-CHC-1,17,116
BHAG-CHC-1,18,125
BHAG-CHC-1,19,84
BHAG-CHC-1,20,65
BHAG-CHC-1,21,97
BHAG-CHC-1,22,102
BHAG-CHC-1,23,103
BHAG-CHC-1,24,214
BHAG-CHC-1,25,98
BHAG-CHC-1,26,89
BHAG-CHC-1,27,85
BHAG-CHC-1,28,122
BHAG-CHC-1,29,110
BHAG-CHC-1,30,135
BHAG-CHC-1,31,121
BHAG-CHC-1,32,137
BHAG-CHC-1,33,83
BHAG-CHC-1,34,104
BHAG-CHC-1,35,148
BHAG-CHC-1,36,144
BHAG-CHC-1,37,153
BHAG-CHC-1,38,143
BHAG-CHC-1,39,165
BHAG-CHC-1,40,106
BHAG-CHC-1,41,93
BHAG-CHC-1,42,146
BHAG-CHC-1,43,146
BHAG-CHC-1,44,122
BHAG-CHC-1,45,132
BHAG-CHC-1,46,132
BHAG-CHC-1,47,151
BHAG-CHC-1,48,85
BHAG-CHC-1,49,96
BHAG-CHC-1,50,105
BHAG-CHC-1,51,119
BHAG-CHC-1,52,106
BHAG-CHC-1,53,107
BHAG-CHC-1,54,64
BHAG-CHC-1,55,76
BHAG-CHC-1,56,118
BHAG-CHC-1,57,133
BHAG-CHC-1,58,139
BHAG-CHC-1,59,131
BHAG-CHC-1,60,126
BHAG-CHC-1,61,115
BHAG-CHC-1,62,93
BHAG-CHC-1,63,152
BHAG-CHC-1,64,163
BHAG-CHC-1,65,118
BHAG-CHC-1,66,132
BHAG-CHC-1,67,157
BHAG-CHC-1,68,109
BHAG-CHC-1,69,94
BHAG-CHC-1,70,168
BHAG-CHC-1,71,144
BHAG-CHC-1,72,122
BHAG-CHC-1,73,139
BHAG-CHC-1,74,120
BHAG-CHC-1,75,86
BHAG-CHC-1,76,69
BHAG-CHC-1,77,116
BHAG-CHC-1,78,86
BHAG-CHC-1,79,111
BHAG-CHC-1,80,96
BHAG-CHC-1,81,114
BHAG-CHC-1,82,81
BHAG-CHC-1,83,74
BHAG-CHC-1,84,104
BHAG-CHC-1,85,104
BHAG-CHC-1,86,222
BHAG-CHC-1,87,131
BHAG-CHC-1,88,98
BHAG-CHC-1,89,80
BHAG-PHC-2,0,91
BHAG-PHC-2,1,100
BHAG-PHC-2,2,88
BHAG-PHC-2,3,107
BHAG-PHC-2,4,184
BHAG-PHC-2,5,76
BHAG-PHC-2,6,81
BHAG-PHC-2,7,102
BHAG-PHC-2,8,128
BHAG-PHC-2,9,95
BHAG-PHC-2,10,102
BHAG-PHC-2,11,119
BHAG-PHC-2,12,75
BHAG-PHC-2,13,67
BHAG-PHC-2,14,103
BHAG-PHC-2,15,78
BHAG-PHC-2,16,92
BHAG-PHC-2,17,90
BHAG-PHC-2,18,86
BHAG-PHC-2,19,57
BHAG-PHC-2,20,75
BHAG-PHC-2,21,90
BHAG-PHC-2,22,73
BHAG-PHC-2,23,92
BHAG-PHC-2,24,78
BHAG-PHC-2,25,147
BHAG-PHC-2,26,61
BHAG-PHC-2,27,49
BHAG-PHC-2,28,158
BHAG-PHC-2,29,87
BHAG-PHC-2,30,101
BHAG-PHC-2,31,107
BHAG-PHC-2,32,103
BHAG-PHC-2,33,73
BHAG-PHC-2,34,78
BHAG-PHC-2,35,100
BHAG-PHC-2,36,201
BHAG-PHC-2,37,122
BHAG-PHC-2,38,124
BHAG-PHC-2,39,151
BHAG-PHC-2,40,78
BHAG-PHC-2,41,79
BHAG-PHC-2,42,94
BHAG-PHC-2,43,97
BHAG-PHC-2,44,93
BHAG-PHC-2,45,108
BHAG-PHC-2,46,97
BHAG-PHC-2,47,116
BHAG-PHC-2,48,48
BHAG-PHC-2,49,94
BHAG-PHC-2,50,87
BHAG-PHC-2,51,79
BHAG-PHC-2,52,83
BHAG-PHC-2,53,57
BHAG-PHC-2,54,45
BHAG-PHC-2,55,75
BHAG-PHC-2,56,89
BHAG-PHC-2,57,101
BHAG-PHC-2,58,79
BHAG-PHC-2,59,82
BHAG-PHC-2,60,112
BHAG-PHC-2,61,74
BHAG-PHC-2,62,65
BHAG-PHC-2,63,124
BHAG-PHC-2,64,118
BHAG-PHC-2,65,119
BHAG-PHC-2,66,109
BHAG-PHC-2,67,106
BHAG-PHC-2,68,84
BHAG-PHC-2,69,85
BHAG-PHC-2,70,89
BHAG-PHC-2,71,100
BHAG-PHC-2,72,113
BHAG-PHC-2,73,182
BHAG-PHC-2,74,106
BHAG-PHC-2,75,56
BHAG-PHC-2,76,83
BHAG-PHC-2,77,101
BHAG-PHC-2,78,76
BHAG-PHC-2,79,83
BHAG-PHC-2,80,89
BHAG-PHC-2,81,77
BHAG-PHC-2,82,65
BHAG-PHC-2,83,46
BHAG-PHC-2,84,87
BHAG-PHC-2,85,87
BHAG-PHC-2,86,98
BHAG-PHC-2,87,80
BHAG-PHC-2,88,124
BHAG-PHC-2,89,58
BHAG-PHC-3,0,96
BHAG-PHC-3,1,114
BHAG-PHC-3,2,101
BHAG-PHC-3,3,112
BHAG-PHC-3,4,101
BHAG-PHC-3,5,85
BHAG-PHC-3,6,137
BHAG-PHC-3,7,111
BHAG-PHC-3,8,101
BHAG-PHC-3,9,101
BHAG-PHC-3,10,100
BHAG-PHC-3,11,102
BHAG-PHC-3,12,71
BHAG-PHC-3,13,82
BHAG-PHC-3,14,165
BHAG-PHC-3,15,104
BHAG-PHC-3,16,89
BHAG-PHC-3,17,90
BHAG-PHC-3,18,105
BHAG-PHC-3,19,66
BHAG-PHC-3,20,58
BHAG-PHC-3,21,80
BHAG-PHC-3,22,69
BHAG-PHC-3,23,74
BHAG-PHC-3,24,75
BHAG-PHC-3,25,75
BHAG-PHC-3,26,69
BHAG-PHC-3,27,68
BHAG-PHC-3,28,89
BHAG-PHC-3,29,96
BHAG-PHC-3,30,91
BHAG-PHC-3,31,94
BHAG-PHC-3,32,114
BHAG-PHC-3,33,69
BHAG-PHC-3,34,72
BHAG-PHC-3,35,89
BHAG-PHC-3,36,108
BHAG-PHC-3,37,114
BHAG-PHC-3,38,117
BHAG-PHC-3,39,136
BHAG-PHC-3,40,83
BHAG-PHC-3,41,78
BHAG-PHC-3,42,121
BHAG-PHC-3,43,108
BHAG-PHC-3,44,107
BHAG-PHC-3,45,98
BHAG-PHC-3,46,81
BHAG-PHC-3,47,62
BHAG-PHC-3,48,70
BHAG-PHC-3,49,84
BHAG-PHC-3,50,67
BHAG-PHC-3,51,68
BHAG-PHC-3,52,97
BHAG-PHC-3,53,72
BHAG-PHC-3,54,47
BHAG-PHC-3,55,51
BHAG-PHC-3,56,146
BHAG-PHC-3,57,98
BHAG-PHC-3,58,82
BHAG-PHC-3,59,78
BHAG-PHC-3,60,92
BHAG-PHC-3,61,78
BHAG-PHC-3,62,68
BHAG-PHC-3,63,120
BHAG-PHC-3,64,115
BHAG-PHC-3,65,181
BHAG-PHC-3,66,101
BHAG-PHC-3,67,100
BHAG-PHC-3,68,75
BHAG-PHC-3,69,97
BHAG-PHC-3,70,97
BHAG-PHC-3,71,113
BHAG-PHC-3,72,129
BHAG-PHC-3,73,95
BHAG-PHC-3,74,116
BHAG-PHC-3,75,77
BHAG-PHC-3,76,61
BHAG-PHC-3,77,98
BHAG-PHC-3,78,96
BHAG-PHC-3,79,87
BHAG-PHC-3,80,80
BHAG-PHC-3,81,90
BHAG-PHC-3,82,53
BHAG-PHC-3,83,77
BHAG-PHC-3,84,79
BHAG-PHC-3,85,101
BHAG-PHC-3,86,96
BHAG-PHC-3,87,87
BHAG-PHC-3,88,77
BHAG-PHC-3,89,60
BHAG-PHC-4,0,66
BHAG-PHC-4,1,78
BHAG-PHC-4,2,90
BHAG-PHC-4,3,77
BHAG-PHC-4,4,80
BHAG-PHC-4,5,54
BHAG-PHC-4,6,61
BHAG-PHC-4,7,73
BHAG-PHC-4,8,76
BHAG-PHC-4,9,61
BHAG-PHC-4,10,75
BHAG-PHC-4,11,63
BHAG-PHC-4,12,86
BHAG-PHC-4,13,39
BHAG-PHC-4,14,74
BHAG-PHC-4,15,76
BHAG-PHC-4,16,74
BHAG-PHC-4,17,67
BHAG-PHC-4,18,57
BHAG-PHC-4,19,44
BHAG-PHC-4,20,49
BHAG-PHC-4,21,47
BHAG-PHC-4,22,52
BHAG-PHC-4,23,63
BHAG-PHC-4,24,55
BHAG-PHC-4,25,76
BHAG-PHC-4,26,40
BHAG-PHC-4,27,37
BHAG-PHC-4,28,68
BHAG-PHC-4,29,81
BHAG-PHC-4,30,79
BHAG-PHC-4,31,76
BHAG-PHC-4,32,61
BHAG-PHC-4,33,38
BHAG-PHC-4,34,54
BHAG-PHC-4,35,81
BHAG-PHC-4,36,77
BHAG-PHC-4,37,87
BHAG-PHC-4,38,91
BHAG-PHC-4,39,88
BHAG-PHC-4,40,67
BHAG-PHC-4,41,53
BHAG-PHC-4,42,75
BHAG-PHC-4,43,152
BHAG-PHC-4,44,66
BHAG-PHC-4,45,71
BHAG-PHC-4,46,77
BHAG-PHC-4,47,48
BHAG-PHC-4,48,46
BHAG-PHC-4,49,60
BHAG-PHC-4,50,66
BHAG-PHC-4,51,65
BHAG-PHC-4,52,83
BHAG-PHC-4,53,47
BHAG-PHC-4,54,45
BHAG-PHC-4,55,41
BHAG-PHC-4,56,59
BHAG-PHC-4,57,62
BHAG-PHC-4,58,67
BHAG-PHC-4,59,61
BHAG-PHC-4,60,58
BHAG-PHC-4,61,55
BHAG-PHC-4,62,46
BHAG-PHC-4,63,95
BHAG-PHC-4,64,86
BHAG-PHC-4,65,77
BHAG-PHC-4,66,63
BHAG-PHC-4,67,82
BHAG-PHC-4,68,55
BHAG-PHC-4,69,58
BHAG-PHC-4,70,67
BHAG-PHC-4,71,73
BHAG-PHC-4,72,87
BHAG-PHC-4,73,75
BHAG-PHC-4,74,73
BHAG-PHC-4,75,31
BHAG-PHC-4,76,52
BHAG-PHC-4,77,60
BHAG-PHC-4,78,61
BHAG-PHC-4,79,63
BHAG-PHC-4,80,62
BHAG-PHC-4,81,58
BHAG-PHC-4,82,43
BHAG-PHC-4,83,35
BHAG-PHC-4,84,77
BHAG-PHC-4,85,41
BHAG-PHC-4,86,58
BHAG-PHC-4,87,131
BHAG-PHC-4,88,62
BHAG-PHC-4,89,54
JALN-CHC-1,0,96
JALN-CHC-1,1,89
JALN-CHC-1,2,186
JALN-CHC-1,3,93
JALN-CHC-1,4,119
JALN-CHC-1,5,82
JALN-CHC-1,6,82
JALN-CHC-1,7,124
JALN-CHC-1,8,99
JALN-CHC-1,9,111
JALN-CHC-1,10,115
JALN-CHC-1,11,108
JALN-CHC-1,12,83
JALN-CHC-1,13,67
JALN-CHC-1,14,94
JALN-CHC-1,15,88
JALN-CHC-1,16,94
JALN-CHC-1,17,171
JALN-CHC-1,18,86
JALN-CHC-1,19,65
JALN-CHC-1,20,47
JALN-CHC-1,21,81
JALN-CHC-1,22,81
JALN-CHC-1,23,86
JALN-CHC-1,24,78
JALN-CHC-1,25,159
JALN-CHC-1,26,58
JALN-CHC-1,27,71
JALN-CHC-1,28,103
JALN-CHC-1,29,98
JALN-CHC-1,30,96
JALN-CHC-1,31,78
JALN-CHC-1,32,107
JALN-CHC-1,33,92
JALN-CHC-1,34,78
JALN-CHC-1,35,105
JALN-CHC-1,36,120
JALN-CHC-1,37,124
JALN-CHC-1,38,101
JALN-CHC-1,39,122
JALN-CHC-1,40,63
JALN-CHC-1,41,76
JALN-CHC-1,42,93
JALN-CHC-1,43,104
JALN-CHC-1,44,85
JALN-CHC-1,45,95
JALN-CHC-1,46,83
JALN-CHC-1,47,66
JALN-CHC-1,48,109
JALN-CHC-1,49,91
JALN-CHC-1,50,87
JALN-CHC-1,51,107
JALN-CHC-1,52,73
JALN-CHC-1,53,90
JALN-CHC-1,54,53
JALN-CHC-1,55,66
JALN-CHC-1,56,85
JALN-CHC-1,57,80
JALN-CHC-1,58,94
JALN-CHC-1,59,87
JALN-CHC-1,60,96
JALN-CHC-1,61,89
JALN-CHC-1,62,80
JALN-CHC-1,63,107
JALN-CHC-1,64,107
JALN-CHC-1,65,98
JALN-CHC-1,66,95
JALN-CHC-1,67,117
JALN-CHC-1,68,76
JALN-CHC-1,69,73
JALN-CHC-1,70,96
JALN-CHC-1,71,101
JALN-CHC-1,72,103
JALN-CHC-1,73,108
JALN-CHC-1,74,90
JALN-CHC-1,75,72
JALN-CHC-1,76,75
JALN-CHC-1,77,94
JALN-CHC-1,78,93
JALN-CHC-1,79,92
JALN-CHC-1,80,93
JALN-CHC-1,81,78
JALN-CHC-1,82,50
JALN-CHC-1,83,41
JALN-CHC-1,84,84
JALN-CHC-1,85,95
JALN-CHC-1,86,92
JALN-CHC-1,87,102
JALN-CHC-1,88,169
JALN-CHC-1,89,70
JALN-PHC-2,0,103
JALN-PHC-2,1,100
JALN-PHC-2,2,119
JALN-PHC-2,3,143
JALN-PHC-2,4,129
JALN-PHC-2,5,86
JALN-PHC-2,6,92
JALN-PHC-2,7,138
JALN-PHC-2,8,149
JALN-PHC-2,9,139
JALN-PHC-2,10,138
JALN-PHC-2,11,131
JALN-PHC-2,12,90
JALN-PHC-2,13,91
JALN-PHC-2,14,128
JALN-PHC-2,15,101
JALN-PHC-2,16,103
JALN-PHC-2,17,106
JALN-PHC-2,18,105
JALN-PHC-2,19,56
JALN-PHC-2,20,62
JALN-PHC-2,21,104
JALN-PHC-2,22,88
JALN-PHC-2,23,93
JALN-PHC-2,24,103
JALN-PHC-2,25,95
JALN-PHC-2,26,70
JALN-PHC-2,27,91
JALN-PHC-2,28,117
JALN-PHC-2,29,111
JALN-PHC-2,30,118
JALN-PHC-2,31,108
JALN-PHC-2,32,135
JALN-PHC-2,33,90
JALN-PHC-2,34,80
JALN-PHC-2,35,145
JALN-PHC-2,36,128
JALN-PHC-2,37,108
JALN-PHC-2,38,130
JALN-PHC-2,39,158
JALN-PHC-2,40,95
JALN-PHC-2,41,93
JALN-PHC-2,42,126
JALN-PHC-2,43,119
JALN-PHC-2,44,116
JALN-PHC-2,45,140
JALN-PHC-2,46,115
JALN-PHC-2,47,73
JALN-PHC-2,48,69
JALN-PHC-2,49,101
JALN-PHC-2,50,98
JALN-PHC-2,51,106
JALN-PHC-2,52,94
JALN-PHC-2,53,114
JALN-PHC-2,54,74
JALN-PHC-2,55,74
JALN-PHC-2,56,121
JALN-PHC-2,57,118
JALN-PHC-2,58,167
JALN-PHC-2,59,223
JALN-PHC-2,60,106
JALN-PHC-2,61,65
JALN-PHC-2,62,93
JALN-PHC-2,63,121
JALN-PHC-2,64,118
JALN-PHC-2,65,140
JALN-PHC-2,66,141
JALN-PHC-2,67,149
JALN-PHC-2,68,79
JALN-PHC-2,69,92
JALN-PHC-2,70,123
JALN-PHC-2,71,137
JALN-PHC-2,72,137
JALN-PHC-2,73,141
JALN-PHC-2,74,134
JALN-PHC-2,75,92
JALN-PHC-2,76,83
JALN-PHC-2,77,190
JALN-PHC-2,78,106
JALN-PHC-2,79,99
JALN-PHC-2,80,132
JALN-PHC-2,81,112
JALN-PHC-2,82,76
JALN-PHC-2,83,88
JALN-PHC-2,84,96
JALN-PHC-2,85,90
JALN-PHC-2,86,105
JALN-PHC-2,87,181
JALN-PHC-2,88,100
JALN-PHC-2,89,74
JALN-PHC-3,0,124
JALN-PHC-3,1,135
JALN-PHC-3,2,115
JALN-PHC-3,3,129
JALN-PHC-3,4,130
JALN-PHC-3,5,98
JALN-PHC-3,6,89
JALN-PHC-3,7,141
JALN-PHC-3,8,139
JALN-PHC-3,9,132
JALN-PHC-3,10,148
JALN-PHC-3,11,128
JALN-PHC-3,12,79
JALN-PHC-3,13,91
JALN-PHC-3,14,130
JALN-PHC-3,15,117
JALN-PHC-3,16,122
JALN-PHC-3,17,118
JALN-PHC-3,18,114
JALN-PHC-3,19,73
JALN-PHC-3,20,72
JALN-PHC-3,21,87
JALN-PHC-3,22,92
JALN-PHC-3,23,85
JALN-PHC-3,24,95
JALN-PHC-3,25,190
JALN-PHC-3,26,77
JALN-PHC-3,27,54
JALN-PHC-3,28,113
JALN-PHC-3,29,117
JALN-PHC-3,30,128
JALN-PHC-3,31,127
JALN-PHC-3,32,146
JALN-PHC-3,33,164
JALN-PHC-3,34,108
JALN-PHC-3,35,152
JALN-PHC-3,36,137
JALN-PHC-3,37,103
JALN-PHC-3,38,123
JALN-PHC-3,39,146
JALN-PHC-3,40,85
JALN-PHC-3,41,98
JALN-PHC-3,42,121
JALN-PHC-3,43,147
JALN-PHC-3,44,121
JALN-PHC-3,45,171
JALN-PHC-3,46,133
JALN-PHC-3,47,81
JALN-PHC-3,48,78
JALN-PHC-3,49,104
JALN-PHC-3,50,93
JALN-PHC-3,51,111
JALN-PHC-3,52,104
JALN-PHC-3,53,106
JALN-PHC-3,54,66
JALN-PHC-3,55,145
JALN-PHC-3,56,117
JALN-PHC-3,57,99
JALN-PHC-3,58,120
JALN-PHC-3,59,143
JALN-PHC-3,60,121
JALN-PHC-3,61,99
JALN-PHC-3,62,101
JALN-PHC-3,63,125
JALN-PHC-3,64,122
JALN-PHC-3,65,141
JALN-PHC-3,66,140
JALN-PHC-3,67,125
JALN-PHC-3,68,95
JALN-PHC-3,69,87
JALN-PHC-3,70,118
JALN-PHC-3,71,109
JALN-PHC-3,72,123
JALN-PHC-3,73,144
JALN-PHC-3,74,127
JALN-PHC-3,75,99
JALN-PHC-3,76,73
JALN-PHC-3,77,106
JALN-PHC-3,78,121
JALN-PHC-3,79,99
JALN-PHC-3,80,112
JALN-PHC-3,81,89
JALN-PHC-3,82,61
JALN-PHC-3,83,72
JALN-PHC-3,84,95
JALN-PHC-3,85,94
JALN-PHC-3,86,78
JALN-PHC-3,87,116
JALN-PHC-3,88,124
JALN-PHC-3,89,71
JALN-PHC-4,0,111
JALN-PHC-4,1,100
JALN-PHC-4,2,109
JALN-PHC-4,3,124
JALN-PHC-4,4,129
JALN-PHC-4,5,82
JALN-PHC-4,6,98
JALN-PHC-4,7,119
JALN-PHC-4,8,137
JALN-PHC-4,9,127
JALN-PHC-4,10,122
JALN-PHC-4,11,125
JALN-PHC-4,12,92
JALN-PHC-4,13,90
JALN-PHC-4,14,102
JALN-PHC-4,15,108
JALN-PHC-4,16,102
JALN-PHC-4,17,113
JALN-PHC-4,18,101
JALN-PHC-4,19,78
JALN-PHC-4,20,79
JALN-PHC-4,21,97
JALN-PHC-4,22,97
JALN-PHC-4,23,99
JALN-PHC-4,24,90
JALN-PHC-4,25,98
JALN-PHC-4,26,85
JALN-PHC-4,27,65
JALN-PHC-4,28,89
JALN-PHC-4,29,90
JALN-PHC-4,30,120
JALN-PHC-4,31,116
JALN-PHC-4,32,114
JALN-PHC-4,33,90
JALN-PHC-4,34,93
JALN-PHC-4,35,134
JALN-PHC-4,36,135
JALN-PHC-4,37,131
JALN-PHC-4,38,129
JALN-PHC-4,39,132
JALN-PHC-4,40,71
JALN-PHC-4,41,85
JALN-PHC-4,42,111
JALN-PHC-4,43,107
JALN-PHC-4,44,107
JALN-PHC-4,45,108
JALN-PHC-4,46,100
JALN-PHC-4,47,59
JALN-PHC-4,48,68
JALN-PHC-4,49,79
JALN-PHC-4,50,100
JALN-PHC-4,51,78
JALN-PHC-4,52,99
JALN-PHC-4,53,87
JALN-PHC-4,54,73
JALN-PHC-4,55,69
JALN-PHC-4,56,96
JALN-PHC-4,57,113
JALN-PHC-4,58,122
JALN-PHC-4,59,105
JALN-PHC-4,60,110
JALN-PHC-4,61,82
JALN-PHC-4,62,66
JALN-PHC-4,63,112
JALN-PHC-4,64,117
JALN-PHC-4,65,134
JALN-PHC-4,66,136
JALN-PHC-4,67,136
JALN-PHC-4,68,84
JALN-PHC-4,69,98
JALN-PHC-4,70,120
JALN-PHC-4,71,112
JALN-PHC-4,72,107
JALN-PHC-4,73,121
JALN-PHC-4,74,121
JALN-PHC-4,75,81
JALN-PHC-4,76,55
JALN-PHC-4,77,89
JALN-PHC-4,78,109
JALN-PHC-4,79,94
JALN-PHC-4,80,89
JALN-PHC-4,81,87
JALN-PHC-4,82,63
JALN-PHC-4,83,77
JALN-PHC-4,84,103
JALN-PHC-4,85,99
JALN-PHC-4,86,96
JALN-PHC-4,87,91
JALN-PHC-4,88,111
JALN-PHC-4,89,72
BARA-CHC-1,0,82
BARA-CHC-1,1,89
BARA-CHC-1,2,119
BARA-CHC-1,3,90
BARA-CHC-1,4,117
BARA-CHC-1,5,84
BARA-CHC-1,6,72
BARA-CHC-1,7,130
BARA-CHC-1,8,122
BARA-CHC-1,9,99
BARA-CHC-1,10,104
BARA-CHC-1,11,110
BARA-CHC-1,12,57
BARA-CHC-1,13,74
BARA-CHC-1,14,106
BARA-CHC-1,15,106
BARA-CHC-1,16,69
BARA-CHC-1,17,89
BARA-CHC-1,18,93
BARA-CHC-1,19,63
BARA-CHC-1,20,56
BARA-CHC-1,21,86
BARA-CHC-1,22,177
BARA-CHC-1,23,73
BARA-CHC-1,24,68
BARA-CHC-1,25,78
BARA-CHC-1,26,60
BARA-CHC-1,27,62
BARA-CHC-1,28,88
BARA-CHC-1,29,87
BARA-CHC-1,30,90
BARA-CHC-1,31,124
BARA-CHC-1,32,79
BARA-CHC-1,33,84
BARA-CHC-1,34,85
BARA-CHC-1,35,100
BARA-CHC-1,36,126
BARA-CHC-1,37,90
BARA-CHC-1,38,125
BARA-CHC-1,39,105
BARA-CHC-1,40,84
BARA-CHC-1,41,75
BARA-CHC-1,42,123
BARA-CHC-1,43,115
BARA-CHC-1,44,104
BARA-CHC-1,45,112
BARA-CHC-1,46,93
BARA-CHC-1,47,72
BARA-CHC-1,48,74
BARA-CHC-1,49,89
BARA-CHC-1,50,87
BARA-CHC-1,51,92
BARA-CHC-1,52,101
BARA-CHC-1,53,72
BARA-CHC-1,54,66
BARA-CHC-1,55,60
BARA-CHC-1,56,86
BARA-CHC-1,57,91
BARA-CHC-1,58,109
BARA-CHC-1,59,95
BARA-CHC-1,60,112
BARA-CHC-1,61,72
BARA-CHC-1,62,67
BARA-CHC-1,63,118
BARA-CHC-1,64,125
BARA-CHC-1,65,103
BARA-CHC-1,66,115
BARA-CHC-1,67,117
BARA-CHC-1,68,83
BARA-CHC-1,69,66
BARA-CHC-1,70,117
BARA-CHC-1,71,132
BARA-CHC-1,72,123
BARA-CHC-1,73,118
BARA-CHC-1,74,98
BARA-CHC-1,75,69
BARA-CHC-1,76,71
BARA-CHC-1,77,96
BARA-CHC-1,78,100
BARA-CHC-1,79,86
BARA-CHC-1,80,83
BARA-CHC-1,81,76
BARA-CHC-1,82,64
BARA-CHC-1,83,61
BARA-CHC-1,84,100
BARA-CHC-1,85,92
BARA-CHC-1,86,98
BARA-CHC-1,87,91
BARA-CHC-1,88,104
BARA-CHC-1,89,70
BARA-PHC-2,0,116
BARA-PHC-2,1,91
BARA-PHC-2,2,145
BARA-PHC-2,3,129
BARA-PHC-2,4,116
BARA-PHC-2,5,77
BARA-PHC-2,6,87
BARA-PHC-2,7,142
BARA-PHC-2,8,132
BARA-PHC-2,9,234
BARA-PHC-2,10,211
BARA-PHC-2,11,116
BARA-PHC-2,12,82
BARA-PHC-2,13,146
BARA-PHC-2,14,115
BARA-PHC-2,15,124
BARA-PHC-2,16,114
BARA-PHC-2,17,102
BARA-PHC-2,18,93
BARA-PHC-2,19,81
BARA-PHC-2,20,58
BARA-PHC-2,21,106
BARA-PHC-2,22,87
BARA-PHC-2,23,86
BARA-PHC-2,24,96
BARA-PHC-2,25,111
BARA-PHC-2,26,76
BARA-PHC-2,27,77
BARA-PHC-2,28,105
BARA-PHC-2,29,87
BARA-PHC-2,30,225
BARA-PHC-2,31,108
BARA-PHC-2,32,104
BARA-PHC-2,33,76
BARA-PHC-2,34,90
BARA-PHC-2,35,120
BARA-PHC-2,36,112
BARA-PHC-2,37,233
BARA-PHC-2,38,123
BARA-PHC-2,39,128
BARA-PHC-2,40,87
BARA-PHC-2,41,77
BARA-PHC-2,42,126
BARA-PHC-2,43,122
BARA-PHC-2,44,116
BARA-PHC-2,45,121
BARA-PHC-2,46,109
BARA-PHC-2,47,75
BARA-PHC-2,48,75
BARA-PHC-2,49,94
BARA-PHC-2,50,87
BARA-PHC-2,51,86
BARA-PHC-2,52,94
BARA-PHC-2,53,116
BARA-PHC-2,54,71
BARA-PHC-2,55,59
BARA-PHC-2,56,101
BARA-PHC-2,57,102
BARA-PHC-2,58,104
BARA-PHC-2,59,100
BARA-PHC-2,60,109
BARA-PHC-2,61,71
BARA-PHC-2,62,92
BARA-PHC-2,63,119
BARA-PHC-2,64,130
BARA-PHC-2,65,130
BARA-PHC-2,66,136
BARA-PHC-2,67,116
BARA-PHC-2,68,103
BARA-PHC-2,69,87
BARA-PHC-2,70,127
BARA-PHC-2,71,138
BARA-PHC-2,72,115
BARA-PHC-2,73,124
BARA-PHC-2,74,212
BARA-PHC-2,75,87
BARA-PHC-2,76,68
BARA-PHC-2,77,91
BARA-PHC-2,78,103
BARA-PHC-2,79,97
BARA-PHC-2,80,102
BARA-PHC-2,81,89
BARA-PHC-2,82,58
BARA-PHC-2,83,59
BARA-PHC-2,84,98
BARA-PHC-2,85,84
BARA-PHC-2,86,98
BARA-PHC-2,87,102
BARA-PHC-2,88,109
BARA-PHC-2,89,73
BARA-PHC-3,0,101
BARA-PHC-3,1,95
BARA-PHC-3,2,120
BARA-PHC-3,3,122
BARA-PHC-3,4,122
BARA-PHC-3,5,84
BARA-PHC-3,6,75
BARA-PHC-3,7,137
BARA-PHC-3,8,122
BARA-PHC-3,9,140
BARA-PHC-3,10,131
BARA-PHC-3,11,232
BARA-PHC-3,12,88
BARA-PHC-3,13,129
BARA-PHC-3,14,110
BARA-PHC-3,15,101
BARA-PHC-3,16,122
BARA-PHC-3,17,90
BARA-PHC-3,18,111
BARA-PHC-3,19,55
BARA-PHC-3,20,70
BARA-PHC-3,21,107
BARA-PHC-3,22,98
BARA-PHC-3,23,85
BARA-PHC-3,24,103
BARA-PHC-3,25,87
BARA-PHC-3,26,66
BARA-PHC-3,27,74
BARA-PHC-3,28,97
BARA-PHC-3,29,102
BARA-PHC-3,30,102
BARA-PHC-3,31,108
BARA-PHC-3,32,123
BARA-PHC-3,33,96
BARA-PHC-3,34,85
BARA-PHC-3,35,123
BARA-PHC-3,36,116
BARA-PHC-3,37,122
BARA-PHC-3,38,102
BARA-PHC-3,39,133
BARA-PHC-3,40,74
BARA-PHC-3,41,82
BARA-PHC-3,42,120
BARA-PHC-3,43,116
BARA-PHC-3,44,114
BARA-PHC-3,45,99
BARA-PHC-3,46,99
BARA-PHC-3,47,67
BARA-PHC-3,48,67
BARA-PHC-3,49,166
BARA-PHC-3,50,74
BARA-PHC-3,51,93
BARA-PHC-3,52,83
BARA-PHC-3,53,101
BARA-PHC-3,54,66
BARA-PHC-3,55,67
BARA-PHC-3,56,100
BARA-PHC-3,57,105
BARA-PHC-3,58,109
BARA-PHC-3,59,102
BARA-PHC-3,60,120
BARA-PHC-3,61,80
BARA-PHC-3,62,85
BARA-PHC-3,63,121
BARA-PHC-3,64,112
BARA-PHC-3,65,116
BARA-PHC-3,66,140
BARA-PHC-3,67,134
BARA-PHC-3,68,96
BARA-PHC-3,69,80
BARA-PHC-3,70,151
BARA-PHC-3,71,109
BARA-PHC-3,72,115
BARA-PHC-3,73,140
BARA-PHC-3,74,106
BARA-PHC-3,75,66
BARA-PHC-3,76,77
BARA-PHC-3,77,108
BARA-PHC-3,78,82
BARA-PHC-3,79,85
BARA-PHC-3,80,89
BARA-PHC-3,81,97
BARA-PHC-3,82,81
BARA-PHC-3,83,55
BARA-PHC-3,84,101
BARA-PHC-3,85,92
BARA-PHC-3,86,96
BARA-PHC-3,87,107
BARA-PHC-3,88,106
BARA-PHC-3,89,83
BARA-PHC-4,0,114
BARA-PHC-4,1,103
BARA-PHC-4,2,124
BARA-PHC-4,3,124
BARA-PHC-4,4,239
BARA-PHC-4,5,99
BARA-PHC-4,6,80
BARA-PHC-4,7,134
BARA-PHC-4,8,127
BARA-PHC-4,9,117
BARA-PHC-4,10,117
BARA-PHC-4,11,137
BARA-PHC-4,12,82
BARA-PHC-4,13,87
BARA-PHC-4,14,119
BARA-PHC-4,15,193
BARA-PHC-4,16,97
BARA-PHC-4,17,99
BARA-PHC-4,18,112
BARA-PHC-4,19,131
BARA-PHC-4,20,72
BARA-PHC-4,21,86
BARA-PHC-4,22,81
BARA-PHC-4,23,90
BARA-PHC-4,24,99
BARA-PHC-4,25,122
BARA-PHC-4,26,64
BARA-PHC-4,27,76
BARA-PHC-4,28,101
BARA-PHC-4,29,100
BARA-PHC-4,30,96
BARA-PHC-4,31,135
BARA-PHC-4,32,137
BARA-PHC-4,33,100
BARA-PHC-4,34,73
BARA-PHC-4,35,116
BARA-PHC-4,36,135
BARA-PHC-4,37,228
BARA-PHC-4,38,123
BARA-PHC-4,39,235
BARA-PHC-4,40,86
BARA-PHC-4,41,92
BARA-PHC-4,42,100
BARA-PHC-4,43,133
BARA-PHC-4,44,114
BARA-PHC-4,45,94
BARA-PHC-4,46,115
BARA-PHC-4,47,62
BARA-PHC-4,48,70
BARA-PHC-4,49,103
BARA-PHC-4,50,87
BARA-PHC-4,51,80
BARA-PHC-4,52,92
BARA-PHC-4,53,98
BARA-PHC-4,54,69
BARA-PHC-4,55,63
BARA-PHC-4,56,105
BARA-PHC-4,57,175
BARA-PHC-4,58,115
BARA-PHC-4,59,104
BARA-PHC-4,60,105
BARA-PHC-4,61,72
BARA-PHC-4,62,148
BARA-PHC-4,63,135
BARA-PHC-4,64,124
BARA-PHC-4,65,107
BARA-PHC-4,66,119
BARA-PHC-4,67,114
BARA-PHC-4,68,100
BARA-PHC-4,69,93
BARA-PHC-4,70,139
BARA-PHC-4,71,121
BARA-PHC-4,72,111
BARA-PHC-4,73,124
BARA-PHC-4,74,118
BARA-PHC-4,75,81
BARA-PHC-4,76,74
BARA-PHC-4,77,87
BARA-PHC-4,78,100
BARA-PHC-4,79,90
BARA-PHC-4,80,91
BARA-PHC-4,81,96
BARA-PHC-4,82,69
BARA-PHC-4,83,69
BARA-PHC-4,84,88
BARA-PHC-4,85,104
BARA-PHC-4,86,118
BARA-PHC-4,87,108
BARA-PHC-4,88,107
BARA-PHC-4,89,74
ARAR-CHC-1,0,113
ARAR-CHC-1,1,149
ARAR-CHC-1,2,138
ARAR-CHC-1,3,129
ARAR-CHC-1,4,139
ARAR-CHC-1,5,113
ARAR-CHC-1,6,106
ARAR-CHC-1,7,161
ARAR-CHC-1,8,169
ARAR-CHC-1,9,164
ARAR-CHC-1,10,146
ARAR-CHC-1,11,131
ARAR-CHC-1,12,90
ARAR-CHC-1,13,97
ARAR-CHC-1,14,157
ARAR-CHC-1,15,123
ARAR-CHC-1,16,124
ARAR-CHC-1,17,142
ARAR-CHC-1,18,135
ARAR-CHC-1,19,66
ARAR-CHC-1,20,67
ARAR-CHC-1,21,115
ARAR-CHC-1,22,114
ARAR-CHC-1,23,108
ARAR-CHC-1,24,110
ARAR-CHC-1,25,113
ARAR-CHC-1,26,95
ARAR-CHC-1,27,71
ARAR-CHC-1,28,119
ARAR-CHC-1,29,126
ARAR-CHC-1,30,128
ARAR-CHC-1,31,153
ARAR-CHC-1,32,143
ARAR-CHC-1,33,104
ARAR-CHC-1,34,95
ARAR-CHC-1,35,136
ARAR-CHC-1,36,147
ARAR-CHC-1,37,162
ARAR-CHC-1,38,152
ARAR-CHC-1,39,154
ARAR-CHC-1,40,130
ARAR-CHC-1,41,99
ARAR-CHC-1,42,142
ARAR-CHC-1,43,123
ARAR-CHC-1,44,130
ARAR-CHC-1,45,141
ARAR-CHC-1,46,107
ARAR-CHC-1,47,95
ARAR-CHC-1,48,82
ARAR-CHC-1,49,124
ARAR-CHC-1,50,111
ARAR-CHC-1,51,96
ARAR-CHC-1,52,106
ARAR-CHC-1,53,102
ARAR-CHC-1,54,86
ARAR-CHC-1,55,84
ARAR-CHC-1,56,104
ARAR-CHC-1,57,117
ARAR-CHC-1,58,125
ARAR-CHC-1,59,124
ARAR-CHC-1,60,137
ARAR-CHC-1,61,99
ARAR-CHC-1,62,88
ARAR-CHC-1,63,142
ARAR-CHC-1,64,151
ARAR-CHC-1,65,135
ARAR-CHC-1,66,157
ARAR-CHC-1,67,150
ARAR-CHC-1,68,101
ARAR-CHC-1,69,98
ARAR-CHC-1,70,148
ARAR-CHC-1,71,157
ARAR-CHC-1,72,145
ARAR-CHC-1,73,130
ARAR-CHC-1,74,124
ARAR-CHC-1,75,91
ARAR-CHC-1,76,79
ARAR-CHC-1,77,118
ARAR-CHC-1,78,125
ARAR-CHC-1,79,111
ARAR-CHC-1,80,106
ARAR-CHC-1,81,112
ARAR-CHC-1,82,85
ARAR-CHC-1,83,86
ARAR-CHC-1,84,96
ARAR-CHC-1,85,95
ARAR-CHC-1,86,113
ARAR-CHC-1,87,205
ARAR-CHC-1,88,131
ARAR-CHC-1,89,94
ARAR-PHC-2,0,96
ARAR-PHC-2,1,94
ARAR-PHC-2,2,81
ARAR-PHC-2,3,89
ARAR-PHC-2,4,98
ARAR-PHC-2,5,65
ARAR-PHC-2,6,65
ARAR-PHC-2,7,110
ARAR-PHC-2,8,183
ARAR-PHC-2,9,97
ARAR-PHC-2,10,113
ARAR-PHC-2,11,94
ARAR-PHC-2,12,59
ARAR-PHC-2,13,78
ARAR-PHC-2,14,106
ARAR-PHC-2,15,83
ARAR-PHC-2,16,85
ARAR-PHC-2,17,93
ARAR-PHC-2,18,80
ARAR-PHC-2,19,36
ARAR-PHC-2,20,50
ARAR-PHC-2,21,74
ARAR-PHC-2,22,66
ARAR-PHC-2,23,68
ARAR-PHC-2,24,87
ARAR-PHC-2,25,73
ARAR-PHC-2,26,48
ARAR-PHC-2,27,66
ARAR-PHC-2,28,76
ARAR-PHC-2,29,64
ARAR-PHC-2,30,148
ARAR-PHC-2,31,95
ARAR-PHC-2,32,89
ARAR-PHC-2,33,76
ARAR-PHC-2,34,69
ARAR-PHC-2,35,96
ARAR-PHC-2,36,100
ARAR-PHC-2,37,86
ARAR-PHC-2,38,93
ARAR-PHC-2,39,115
ARAR-PHC-2,40,73
ARAR-PHC-2,41,78
ARAR-PHC-2,42,82
ARAR-PHC-2,43,93
ARAR-PHC-2,44,84
ARAR-PHC-2,45,83
ARAR-PHC-2,46,91
ARAR-PHC-2,47,56
ARAR-PHC-2,48,53
ARAR-PHC-2,49,60
ARAR-PHC-2,50,80
ARAR-PHC-2,51,70
ARAR-PHC-2,52,87
ARAR-PHC-2,53,81
ARAR-PHC-2,54,53
ARAR-PHC-2,55,55
ARAR-PHC-2,56,93
ARAR-PHC-2,57,90
ARAR-PHC-2,58,84
ARAR-PHC-2,59,104
ARAR-PHC-2,60,189
ARAR-PHC-2,61,50
ARAR-PHC-2,62,59
ARAR-PHC-2,63,97
ARAR-PHC-2,64,104
ARAR-PHC-2,65,182
ARAR-PHC-2,66,100
ARAR-PHC-2,67,186
ARAR-PHC-2,68,78
ARAR-PHC-2,69,63
ARAR-PHC-2,70,88
ARAR-PHC-2,71,89
ARAR-PHC-2,72,101
ARAR-PHC-2,73,162
ARAR-PHC-2,74,99
ARAR-PHC-2,75,60
ARAR-PHC-2,76,60
ARAR-PHC-2,77,96
ARAR-PHC-2,78,75
ARAR-PHC-2,79,79
ARAR-PHC-2,80,83
ARAR-PHC-2,81,58
ARAR-PHC-2,82,110
ARAR-PHC-2,83,61
ARAR-PHC-2,84,76
ARAR-PHC-2,85,69
ARAR-PHC-2,86,78
ARAR-PHC-2,87,81
ARAR-PHC-2,88,81
ARAR-PHC-2,89,40
ARAR-PHC-3,0,58
ARAR-PHC-3,1,65
ARAR-PHC-3,2,78
ARAR-PHC-3,3,64
ARAR-PHC-3,4,86
ARAR-PHC-3,5,61
ARAR-PHC-3,6,57
ARAR-PHC-3,7,88
ARAR-PHC-3,8,84
ARAR-PHC-3,9,79
ARAR-PHC-3,10,63
ARAR-PHC-3,11,72
ARAR-PHC-3,12,52
ARAR-PHC-3,13,51
ARAR-PHC-3,14,63
ARAR-PHC-3,15,67
ARAR-PHC-3,16,78
ARAR-PHC-3,17,63
ARAR-PHC-3,18,61
ARAR-PHC-3,19,44
ARAR-PHC-3,20,38
ARAR-PHC-3,21,60
ARAR-PHC-3,22,53
ARAR-PHC-3,23,52
ARAR-PHC-3,24,70
ARAR-PHC-3,25,47
ARAR-PHC-3,26,50
ARAR-PHC-3,27,52
ARAR-PHC-3,28,55
ARAR-PHC-3,29,68
ARAR-PHC-3,30,56
ARAR-PHC-3,31,57
ARAR-PHC-3,32,82
ARAR-PHC-3,33,53
ARAR-PHC-3,34,41
ARAR-PHC-3,35,75
ARAR-PHC-3,36,82
ARAR-PHC-3,37,67
ARAR-PHC-3,38,80
ARAR-PHC-3,39,80
ARAR-PHC-3,40,40
ARAR-PHC-3,41,57
ARAR-PHC-3,42,83
ARAR-PHC-3,43,66
ARAR-PHC-3,44,63
ARAR-PHC-3,45,63
ARAR-PHC-3,46,53
ARAR-PHC-3,47,41
ARAR-PHC-3,48,27
ARAR-PHC-3,49,68
ARAR-PHC-3,50,56
ARAR-PHC-3,51,55
ARAR-PHC-3,52,64
ARAR-PHC-3,53,61
ARAR-PHC-3,54,53
ARAR-PHC-3,55,47
ARAR-PHC-3,56,48
ARAR-PHC-3,57,60
ARAR-PHC-3,58,62
ARAR-PHC-3,59,74
ARAR-PHC-3,60,72
ARAR-PHC-3,61,44
ARAR-PHC-3,62,67
ARAR-PHC-3,63,66
ARAR-PHC-3,64,63
ARAR-PHC-3,65,71
ARAR-PHC-3,66,84
ARAR-PHC-3,67,74
ARAR-PHC-3,68,44
ARAR-PHC-3,69,49
ARAR-PHC-3,70,77
ARAR-PHC-3,71,69
ARAR-PHC-3,72,80
ARAR-PHC-3,73,78
ARAR-PHC-3,74,70
ARAR-PHC-3,75,45
ARAR-PHC-3,76,40
ARAR-PHC-3,77,58
ARAR-PHC-3,78,64
ARAR-PHC-3,79,57
ARAR-PHC-3,80,53
ARAR-PHC-3,81,54
ARAR-PHC-3,82,46
ARAR-PHC-3,83,30
ARAR-PHC-3,84,45
ARAR-PHC-3,85,62
ARAR-PHC-3,86,67
ARAR-PHC-3,87,56
ARAR-PHC-3,88,64
ARAR-PHC-3,89,36
ARAR-PHC-4,0,115
ARAR-PHC-4,1,248
ARAR-PHC-4,2,126
ARAR-PHC-4,3,142
ARAR-PHC-4,4,113
ARAR-PHC-4,5,109
ARAR-PHC-4,6,90
ARAR-PHC-4,7,122
ARAR-PHC-4,8,135
ARAR-PHC-4,9,157
ARAR-PHC-4,10,154
ARAR-PHC-4,11,137
ARAR-PHC-4,12,116
ARAR-PHC-4,13,81
ARAR-PHC-4,14,138
ARAR-PHC-4,15,130
ARAR-PHC-4,16,103
ARAR-PHC-4,17,131
ARAR-PHC-4,18,94
ARAR-PHC-4,19,104
ARAR-PHC-4,20,70
ARAR-PHC-4,21,95
ARAR-PHC-4,22,109
ARAR-PHC-4,23,100
ARAR-PHC-4,24,102
ARAR-PHC-4,25,95
ARAR-PHC-4,26,77
ARAR-PHC-4,27,81
ARAR-PHC-4,28,134
ARAR-PHC-4,29,108
ARAR-PHC-4,30,97
ARAR-PHC-4,31,144
ARAR-PHC-4,32,137
ARAR-PHC-4,33,91
ARAR-PHC-4,34,76
ARAR-PHC-4,35,131
ARAR-PHC-4,36,152
ARAR-PHC-4,37,135
ARAR-PHC-4,38,143
ARAR-PHC-4,39,147
ARAR-PHC-4,40,93
ARAR-PHC-4,41,100
ARAR-PHC-4,42,148
ARAR-PHC-4,43,214
ARAR-PHC-4,44,114
ARAR-PHC-4,45,120
ARAR-PHC-4,46,113
ARAR-PHC-4,47,66
ARAR-PHC-4,48,81
ARAR-PHC-4,49,127
ARAR-PHC-4,50,114
ARAR-PHC-4,51,118
ARAR-PHC-4,52,109
ARAR-PHC-4,53,201
ARAR-PHC-4,54,77
ARAR-PHC-4,55,74
ARAR-PHC-4,56,115
ARAR-PHC-4,57,110
ARAR-PHC-4,58,119
ARAR-PHC-4,59,126
ARAR-PHC-4,60,109
ARAR-PHC-4,61,80
ARAR-PHC-4,62,87
ARAR-PHC-4,63,105
ARAR-PHC-4,64,149
ARAR-PHC-4,65,145
ARAR-PHC-4,66,166
ARAR-PHC-4,67,146
ARAR-PHC-4,68,121
ARAR-PHC-4,69,94
ARAR-PHC-4,70,148
ARAR-PHC-4,71,134
ARAR-PHC-4,72,129
ARAR-PHC-4,73,134
ARAR-PHC-4,74,108
ARAR-PHC-4,75,94
ARAR-PHC-4,76,145
ARAR-PHC-4,77,109
ARAR-PHC-4,78,113
ARAR-PHC-4,79,107
ARAR-PHC-4,80,108
ARAR-PHC-4,81,110
ARAR-PHC-4,82,71
ARAR-PHC-4,83,70
ARAR-PHC-4,84,90
ARAR-PHC-4,85,85
ARAR-PHC-4,86,117
ARAR-PHC-4,87,111
ARAR-PHC-4,88,200
ARAR-PHC-4,89,121
DARB-CHC-1,0,104
DARB-CHC-1,1,119
DARB-CHC-1,2,113
DARB-CHC-1,3,111
DARB-CHC-1,4,93
DARB-CHC-1,5,70
DARB-CHC-1,6,72
DARB-CHC-1,7,100
DARB-CHC-1,8,119
DARB-CHC-1,9,114
DARB-CHC-1,10,104
DARB-CHC-1,11,101
DARB-CHC-1,12,67
DARB-CHC-1,13,72
DARB-CHC-1,14,93
DARB-CHC-1,15,93
DARB-CHC-1,16,89
DARB-CHC-1,17,96
DARB-CHC-1,18,74
DARB-CHC-1,19,59
DARB-CHC-1,20,53
DARB-CHC-1,21,93
DARB-CHC-1,22,92
DARB-CHC-1,23,82
DARB-CHC-1,24,95
DARB-CHC-1,25,102
DARB-CHC-1,26,57
DARB-CHC-1,27,63
DARB-CHC-1,28,98
DARB-CHC-1,29,98
DARB-CHC-1,30,85
DARB-CHC-1,31,80
DARB-CHC-1,32,83
DARB-CHC-1,33,61
DARB-CHC-1,34,70
DARB-CHC-1,35,85
DARB-CHC-1,36,89
DARB-CHC-1,37,100
DARB-CHC-1,38,109
DARB-CHC-1,39,99
DARB-CHC-1,40,85
DARB-CHC-1,41,72
DARB-CHC-1,42,112
DARB-CHC-1,43,98
DARB-CHC-1,44,109
DARB-CHC-1,45,92
DARB-CHC-1,46,93
DARB-CHC-1,47,57
DARB-CHC-1,48,53
DARB-CHC-1,49,83
DARB-CHC-1,50,73
DARB-CHC-1,51,80
DARB-CHC-1,52,64
DARB-CHC-1,53,75
DARB-CHC-1,54,98
DARB-CHC-1,55,59
DARB-CHC-1,56,79
DARB-CHC-1,57,80
DARB-CHC-1,58,83
DARB-CHC-1,59,93
DARB-CHC-1,60,97
DARB-CHC-1,61,58
DARB-CHC-1,62,68
DARB-CHC-1,63,105
DARB-CHC-1,64,89
DARB-CHC-1,65,126
DARB-CHC-1,66,98
DARB-CHC-1,67,126
DARB-CHC-1,68,62
DARB-CHC-1,69,74
DARB-CHC-1,70,118
DARB-CHC-1,71,213
DARB-CHC-1,72,97
DARB-CHC-1,73,83
DARB-CHC-1,74,92
DARB-CHC-1,75,57
DARB-CHC-1,76,123
DARB-CHC-1,77,94
DARB-CHC-1,78,105
DARB-CHC-1,79,80
DARB-CHC-1,80,97
DARB-CHC-1,81,82
DARB-CHC-1,82,56
DARB-CHC-1,83,55
DARB-CHC-1,84,86
DARB-CHC-1,85,85
DARB-CHC-1,86,78
DARB-CHC-1,87,82
DARB-CHC-1,88,97
DARB-CHC-1,89,113
DARB-PHC-2,0,77
DARB-PHC-2,1,85
DARB-PHC-2,2,73
DARB-PHC-2,3,81
DARB-PHC-2,4,74
DARB-PHC-2,5,44
DARB-PHC-2,6,52
DARB-PHC-2,7,157
DARB-PHC-2,8,101
DARB-PHC-2,9,83
DARB-PHC-2,10,85
DARB-PHC-2,11,96
DARB-PHC-2,12,62
DARB-PHC-2,13,62
DARB-PHC-2,14,83
DARB-PHC-2,15,62
DARB-PHC-2,16,72
DARB-PHC-2,17,67
DARB-PHC-2,18,60
DARB-PHC-2,19,51
DARB-PHC-2,20,39
DARB-PHC-2,21,63
DARB-PHC-2,22,77
DARB-PHC-2,23,62
DARB-PHC-2,24,72
DARB-PHC-2,25,86
DARB-PHC-2,26,52
DARB-PHC-2,27,44
DARB-PHC-2,28,77
DARB-PHC-2,29,68
DARB-PHC-2,30,82
DARB-PHC-2,31,66
DARB-PHC-2,32,86
DARB-PHC-2,33,57
DARB-PHC-2,34,59
DARB-PHC-2,35,86
DARB-PHC-2,36,93
DARB-PHC-2,37,100
DARB-PHC-2,38,73
DARB-PHC-2,39,82
DARB-PHC-2,40,68
DARB-PHC-2,41,48
DARB-PHC-2,42,68
DARB-PHC-2,43,70
DARB-PHC-2,44,67
DARB-PHC-2,45,140
DARB-PHC-2,46,82
DARB-PHC-2,47,40
DARB-PHC-2,48,55
DARB-PHC-2,49,55
DARB-PHC-2,50,52
DARB-PHC-2,51,66
DARB-PHC-2,52,68
DARB-PHC-2,53,51
DARB-PHC-2,54,41
DARB-PHC-2,55,41
DARB-PHC-2,56,59
DARB-PHC-2,57,71
DARB-PHC-2,58,80
DARB-PHC-2,59,81
DARB-PHC-2,60,82
DARB-PHC-2,61,41
DARB-PHC-2,62,58
DARB-PHC-2,63,77
DARB-PHC-2,64,88
DARB-PHC-2,65,94
DARB-PHC-2,66,79
DARB-PHC-2,67,92
DARB-PHC-2,68,69
DARB-PHC-2,69,61
DARB-PHC-2,70,73
DARB-PHC-2,71,92
DARB-PHC-2,72,98
DARB-PHC-2,73,80
DARB-PHC-2,74,74
DARB-PHC-2,75,53
DARB-PHC-2,76,58
DARB-PHC-2,77,85
DARB-PHC-2,78,77
DARB-PHC-2,79,66
DARB-PHC-2,80,71
DARB-PHC-2,81,127
DARB-PHC-2,82,53
DARB-PHC-2,83,46
DARB-PHC-2,84,66
DARB-PHC-2,85,68
DARB-PHC-2,86,50
DARB-PHC-2,87,78
DARB-PHC-2,88,82
DARB-PHC-2,89,63
DARB-PHC-3,0,115
DARB-PHC-3,1,107
DARB-PHC-3,2,116
DARB-PHC-3,3,125
DARB-PHC-3,4,112
DARB-PHC-3,5,81
DARB-PHC-3,6,91
DARB-PHC-3,7,121
DARB-PHC-3,8,119
DARB-PHC-3,9,148
DARB-PHC-3,10,121
DARB-PHC-3,11,124
DARB-PHC-3,12,91
DARB-PHC-3,13,65
DARB-PHC-3,14,103
DARB-PHC-3,15,105
DARB-PHC-3,16,103
DARB-PHC-3,17,98
DARB-PHC-3,18,98
DARB-PHC-3,19,65
DARB-PHC-3,20,66
DARB-PHC-3,21,87
DARB-PHC-3,22,97
DARB-PHC-3,23,90
DARB-PHC-3,24,76
DARB-PHC-3,25,88
DARB-PHC-3,26,74
DARB-PHC-3,27,77
DARB-PHC-3,28,105
DARB-PHC-3,29,119
DARB-PHC-3,30,103
DARB-PHC-3,31,114
DARB-PHC-3,32,126
DARB-PHC-3,33,83
DARB-PHC-3,34,75
DARB-PHC-3,35,120
DARB-PHC-3,36,118
DARB-PHC-3,37,125
DARB-PHC-3,38,112
DARB-PHC-3,39,135
DARB-PHC-3,40,86
DARB-PHC-3,41,104
DARB-PHC-3,42,198
DARB-PHC-3,43,236
DARB-PHC-3,44,107
DARB-PHC-3,45,103
DARB-PHC-3,46,114
DARB-PHC-3,47,58
DARB-PHC-3,48,72
DARB-PHC-3,49,96
DARB-PHC-3,50,108
DARB-PHC-3,51,78
DARB-PHC-3,52,102
DARB-PHC-3,53,98
DARB-PHC-3,54,72
DARB-PHC-3,55,74
DARB-PHC-3,56,91
DARB-PHC-3,57,103
DARB-PHC-3,58,92
DARB-PHC-3,59,115
DARB-PHC-3,60,104
DARB-PHC-3,61,69
DARB-PHC-3,62,85
DARB-PHC-3,63,111
DARB-PHC-3,64,112
DARB-PHC-3,65,134
DARB-PHC-3,66,133
DARB-PHC-3,67,150
DARB-PHC-3,68,96
DARB-PHC-3,69,103
DARB-PHC-3,70,135
DARB-PHC-3,71,137
DARB-PHC-3,72,109
DARB-PHC-3,73,132
DARB-PHC-3,74,224
DARB-PHC-3,75,83
DARB-PHC-3,76,81
DARB-PHC-3,77,108
DARB-PHC-3,78,73
DARB-PHC-3,79,99
DARB-PHC-3,80,87
DARB-PHC-3,81,87
DARB-PHC-3,82,60
DARB-PHC-3,83,55
DARB-PHC-3,84,112
DARB-PHC-3,85,73
DARB-PHC-3,86,88
DARB-PHC-3,87,93
DARB-PHC-3,88,97
DARB-PHC-3,89,131
DARB-PHC-4,0,108
DARB-PHC-4,1,91
DARB-PHC-4,2,187
DARB-PHC-4,3,127
DARB-PHC-4,4,139
DARB-PHC-4,5,144
DARB-PHC-4,6,84
DARB-PHC-4,7,109
DARB-PHC-4,8,112
DARB-PHC-4,9,120
DARB-PHC-4,10,98
DARB-PHC-4,11,119
DARB-PHC-4,12,62
DARB-PHC-4,13,73
DARB-PHC-4,14,102
DARB-PHC-4,15,178
DARB-PHC-4,16,98
DARB-PHC-4,17,75
DARB-PHC-4,18,87
DARB-PHC-4,19,63
DARB-PHC-4,20,74
DARB-PHC-4,21,74
DARB-PHC-4,22,89
DARB-PHC-4,23,95
DARB-PHC-4,24,90
DARB-PHC-4,25,95
DARB-PHC-4,26,62
DARB-PHC-4,27,106
DARB-PHC-4,28,115
DARB-PHC-4,29,90
DARB-PHC-4,30,89
DARB-PHC-4,31,114
DARB-PHC-4,32,99
DARB-PHC-4,33,68
DARB-PHC-4,34,75
DARB-PHC-4,35,104
DARB-PHC-4,36,124
DARB-PHC-4,37,126
DARB-PHC-4,38,118
DARB-PHC-4,39,113
DARB-PHC-4,40,85
DARB-PHC-4,41,142
DARB-PHC-4,42,117
DARB-PHC-4,43,94
DARB-PHC-4,44,111
DARB-PHC-4,45,82
DARB-PHC-4,46,104
DARB-PHC-4,47,71
DARB-PHC-4,48,58
DARB-PHC-4,49,93
DARB-PHC-4,50,79
DARB-PHC-4,51,93
DARB-PHC-4,52,71
DARB-PHC-4,53,85
DARB-PHC-4,54,48
DARB-PHC-4,55,69
DARB-PHC-4,56,94
DARB-PHC-4,57,91
DARB-PHC-4,58,89
DARB-PHC-4,59,101
DARB-PHC-4,60,87
DARB-PHC-4,61,73
DARB-PHC-4,62,57
DARB-PHC-4,63,108
DARB-PHC-4,64,124
DARB-PHC-4,65,105
DARB-PHC-4,66,116
DARB-PHC-4,67,106
DARB-PHC-4,68,97
DARB-PHC-4,69,100
DARB-PHC-4,70,111
DARB-PHC-4,71,116
DARB-PHC-4,72,97
DARB-PHC-4,73,95
DARB-PHC-4,74,120
DARB-PHC-4,75,78
DARB-PHC-4,76,71
DARB-PHC-4,77,106
DARB-PHC-4,78,90
DARB-PHC-4,79,106
DARB-PHC-4,80,96
DARB-PHC-4,81,146
DARB-PHC-4,82,71
DARB-PHC-4,83,62
DARB-PHC-4,84,84
DARB-PHC-4,85,83
DARB-PHC-4,86,77
DARB-PHC-4,87,110
DARB-PHC-4,88,93
DARB-PHC-4,89,59
VADO-CHC-1,0,73
VADO-CHC-1,1,75
VADO-CHC-1,2,66
VADO-CHC-1,3,101
VADO-CHC-1,4,85
VADO-CHC-1,5,62
VADO-CHC-1,6,67
VADO-CHC-1,7,155
VADO-CHC-1,8,79
VADO-CHC-1,9,83
VADO-CHC-1,10,87
VADO-CHC-1,11,99
VADO-CHC-1,12,50
VADO-CHC-1,13,67
VADO-CHC-1,14,80
VADO-CHC-1,15,75
VADO-CHC-1,16,81
VADO-CHC-1,17,61
VADO-CHC-1,18,66
VADO-CHC-1,19,51
VADO-CHC-1,20,47
VADO-CHC-1,21,49
VADO-CHC-1,22,78
VADO-CHC-1,23,66
VADO-CHC-1,24,71
VADO-CHC-1,25,107
VADO-CHC-1,26,45
VADO-CHC-1,27,48
VADO-CHC-1,28,79
VADO-CHC-1,29,56
VADO-CHC-1,30,149
VADO-CHC-1,31,87
VADO-CHC-1,32,78
VADO-CHC-1,33,47
VADO-CHC-1,34,53
VADO-CHC-1,35,104
VADO-CHC-1,36,87
VADO-CHC-1,37,90
VADO-CHC-1,38,85
VADO-CHC-1,39,93
VADO-CHC-1,40,67
VADO-CHC-1,41,61
VADO-CHC-1,42,91
VADO-CHC-1,43,71
VADO-CHC-1,44,73
VADO-CHC-1,45,81
VADO-CHC-1,46,81
VADO-CHC-1,47,52
VADO-CHC-1,48,57
VADO-CHC-1,49,89
VADO-CHC-1,50,70
VADO-CHC-1,51,53
VADO-CHC-1,52,61
VADO-CHC-1,53,73
VADO-CHC-1,54,82
VADO-CHC-1,55,56
VADO-CHC-1,56,57
VADO-CHC-1,57,82
VADO-CHC-1,58,58
VADO-CHC-1,59,80
VADO-CHC-1,60,76
VADO-CHC-1,61,64
VADO-CHC-1,62,58
VADO-CHC-1,63,92
VADO-CHC-1,64,148
VADO-CHC-1,65,95
VADO-CHC-1,66,82
VADO-CHC-1,67,88
VADO-CHC-1,68,62
VADO-CHC-1,69,59
VADO-CHC-1,70,69
VADO-CHC-1,71,82
VADO-CHC-1,72,81
VADO-CHC-1,73,93
VADO-CHC-1,74,60
VADO-CHC-1,75,65
VADO-CHC-1,76,51
VADO-CHC-1,77,66
VADO-CHC-1,78,75
VADO-CHC-1,79,62
VADO-CHC-1,80,57
VADO-CHC-1,81,78
VADO-CHC-1,82,45
VADO-CHC-1,83,50
VADO-CHC-1,84,65
VADO-CHC-1,85,110
VADO-CHC-1,86,72
VADO-CHC-1,87,79
VADO-CHC-1,88,68
VADO-CHC-1,89,53
VADO-PHC-2,0,119
VADO-PHC-2,1,109
VADO-PHC-2,2,101
VADO-PHC-2,3,100
VADO-PHC-2,4,113
VADO-PHC-2,5,72
VADO-PHC-2,6,76
VADO-PHC-2,7,111
VADO-PHC-2,8,117
VADO-PHC-2,9,102
VADO-PHC-2,10,97
VADO-PHC-2,11,101
VADO-PHC-2,12,78
VADO-PHC-2,13,82
VADO-PHC-2,14,85
VADO-PHC-2,15,79
VADO-PHC-2,16,88
VADO-PHC-2,17,97
VADO-PHC-2,18,75
VADO-PHC-2,19,55
VADO-PHC-2,20,51
VADO-PHC-2,21,92
VADO-PHC-2,22,68
VADO-PHC-2,23,75
VADO-PHC-2,24,77
VADO-PHC-2,25,80
VADO-PHC-2,26,69
VADO-PHC-2,27,75
VADO-PHC-2,28,103
VADO-PHC-2,29,105
VADO-PHC-2,30,106
VADO-PHC-2,31,102
VADO-PHC-2,32,111
VADO-PHC-2,33,120
VADO-PHC-2,34,89
VADO-PHC-2,35,114
VADO-PHC-2,36,102
VADO-PHC-2,37,117
VADO-PHC-2,38,115
VADO-PHC-2,39,89
VADO-PHC-2,40,72
VADO-PHC-2,41,65
VADO-PHC-2,42,88
VADO-PHC-2,43,94
VADO-PHC-2,44,88
VADO-PHC-2,45,108
VADO-PHC-2,46,75
VADO-PHC-2,47,76
VADO-PHC-2,48,47
VADO-PHC-2,49,73
VADO-PHC-2,50,93
VADO-PHC-2,51,73
VADO-PHC-2,52,83
VADO-PHC-2,53,78
VADO-PHC-2,54,56
VADO-PHC-2,55,48
VADO-PHC-2,56,68
VADO-PHC-2,57,105
VADO-PHC-2,58,88
VADO-PHC-2,59,79
VADO-PHC-2,60,101
VADO-PHC-2,61,97
VADO-PHC-2,62,52
VADO-PHC-2,63,105
VADO-PHC-2,64,99
VADO-PHC-2,65,105
VADO-PHC-2,66,95
VADO-PHC-2,67,136
VADO-PHC-2,68,76
VADO-PHC-2,69,62
VADO-PHC-2,70,104
VADO-PHC-2,71,98
VADO-PHC-2,72,87
VADO-PHC-2,73,107
VADO-PHC-2,74,85
VADO-PHC-2,75,78
VADO-PHC-2,76,60
VADO-PHC-2,77,95
VADO-PHC-2,78,79
VADO-PHC-2,79,89
VADO-PHC-2,80,80
VADO-PHC-2,81,75
VADO-PHC-2,82,62
VADO-PHC-2,83,57
VADO-PHC-2,84,84
VADO-PHC-2,85,92
VADO-PHC-2,86,95
VADO-PHC-2,87,84
VADO-PHC-2,88,87
VADO-PHC-2,89,60
VADO-PHC-3,0,61
VADO-PHC-3,1,50
VADO-PHC-3,2,57
VADO-PHC-3,3,55
VADO-PHC-3,4,61
VADO-PHC-3,5,41
VADO-PHC-3,6,49
VADO-PHC-3,7,55
VADO-PHC-3,8,53
VADO-PHC-3,9,57
VADO-PHC-3,10,63
VADO-PHC-3,11,69
VADO-PHC-3,12,38
VADO-PHC-3,13,30
VADO-PHC-3,14,61
VADO-PHC-3,15,64
VADO-PHC-3,16,46
VADO-PHC-3,17,64
VADO-PHC-3,18,50
VADO-PHC-3,19,25
VADO-PHC-3,20,40
VADO-PHC-3,21,39
VADO-PHC-3,22,46
VADO-PHC-3,23,43
VADO-PHC-3,24,49
VADO-PHC-3,25,39
VADO-PHC-3,26,30
VADO-PHC-3,27,33
VADO-PHC-3,28,51
VADO-PHC-3,29,60
VADO-PHC-3,30,52
VADO-PHC-3,31,65
VADO-PHC-3,32,63
VADO-PHC-3,33,39
VADO-PHC-3,34,51
VADO-PHC-3,35,64
VADO-PHC-3,36,72
VADO-PHC-3,37,64
VADO-PHC-3,38,65
VADO-PHC-3,39,68
VADO-PHC-3,40,65
VADO-PHC-3,41,35
VADO-PHC-3,42,68
VADO-PHC-3,43,73
VADO-PHC-3,44,68
VADO-PHC-3,45,53
VADO-PHC-3,46,57
VADO-PHC-3,47,35
VADO-PHC-3,48,42
VADO-PHC-3,49,53
VADO-PHC-3,50,36
VADO-PHC-3,51,54
VADO-PHC-3,52,45
VADO-PHC-3,53,42
VADO-PHC-3,54,36
VADO-PHC-3,55,40
VADO-PHC-3,56,54
VADO-PHC-3,57,45
VADO-PHC-3,58,60
VADO-PHC-3,59,47
VADO-PHC-3,60,55
VADO-PHC-3,61,33
VADO-PHC-3,62,38
VADO-PHC-3,63,61
VADO-PHC-3,64,64
VADO-PHC-3,65,43
VADO-PHC-3,66,63
VADO-PHC-3,67,93
VADO-PHC-3,68,87
VADO-PHC-3,69,54
VADO-PHC-3,70,64
VADO-PHC-3,71,68
VADO-PHC-3,72,59
VADO-PHC-3,73,53
VADO-PHC-3,74,64
VADO-PHC-3,75,40
VADO-PHC-3,76,46
VADO-PHC-3,77,52
VADO-PHC-3,78,54
VADO-PHC-3,79,68
VADO-PHC-3,80,51
VADO-PHC-3,81,59
VADO-PHC-3,82,24
VADO-PHC-3,83,45
VADO-PHC-3,84,42
VADO-PHC-3,85,58
VADO-PHC-3,86,53
VADO-PHC-3,87,51
VADO-PHC-3,88,39
VADO-PHC-3,89,36
VADO-PHC-4,0,61
VADO-PHC-4,1,69
VADO-PHC-4,2,69
VADO-PHC-4,3,101
VADO-PHC-4,4,85
VADO-PHC-4,5,62
VADO-PHC-4,6,74
VADO-PHC-4,7,69
VADO-PHC-4,8,74
VADO-PHC-4,9,78
VADO-PHC-4,10,78
VADO-PHC-4,11,77
VADO-PHC-4,12,60
VADO-PHC-4,13,54
VADO-PHC-4,14,70
VADO-PHC-4,15,73
VADO-PHC-4,16,59
VADO-PHC-4,17,127
VADO-PHC-4,18,71
VADO-PHC-4,19,48
VADO-PHC-4,20,50
VADO-PHC-4,21,72
VADO-PHC-4,22,56
VADO-PHC-4,23,67
VADO-PHC-4,24,59
VADO-PHC-4,25,63
VADO-PHC-4,26,42
VADO-PHC-4,27,47
VADO-PHC-4,28,68
VADO-PHC-4,29,66
VADO-PHC-4,30,77
VADO-PHC-4,31,74
VADO-PHC-4,32,79
VADO-PHC-4,33,55
VADO-PHC-4,34,43
VADO-PHC-4,35,82
VADO-PHC-4,36,84
VADO-PHC-4,37,80
VADO-PHC-4,38,83
VADO-PHC-4,39,82
VADO-PHC-4,40,49
VADO-PHC-4,41,62
VADO-PHC-4,42,68
VADO-PHC-4,43,81
VADO-PHC-4,44,76
VADO-PHC-4,45,80
VADO-PHC-4,46,78
VADO-PHC-4,47,54
VADO-PHC-4,48,54
VADO-PHC-4,49,98
VADO-PHC-4,50,54
VADO-PHC-4,51,66
VADO-PHC-4,52,64
VADO-PHC-4,53,69
VADO-PHC-4,54,41
VADO-PHC-4,55,50
VADO-PHC-4,56,63
VADO-PHC-4,57,59
VADO-PHC-4,58,61
VADO-PHC-4,59,78
VADO-PHC-4,60,69
VADO-PHC-4,61,45
VADO-PHC-4,62,62
VADO-PHC-4,63,78
VADO-PHC-4,64,79
VADO-PHC-4,65,89
VADO-PHC-4,66,89
VADO-PHC-4,67,83
VADO-PHC-4,68,72
VADO-PHC-4,69,59
VADO-PHC-4,70,75
VADO-PHC-4,71,96
VADO-PHC-4,72,69
VADO-PHC-4,73,75
VADO-PHC-4,74,76
VADO-PHC-4,75,59
VADO-PHC-4,76,43
VADO-PHC-4,77,67
VADO-PHC-4,78,67
VADO-PHC-4,79,68
VADO-PHC-4,80,71
VADO-PHC-4,81,62
VADO-PHC-4,82,44
VADO-PHC-4,83,32
VADO-PHC-4,84,59
VADO-PHC-4,85,51
VADO-PHC-4,86,59
VADO-PHC-4,87,77
VADO-PHC-4,88,50
VADO-PHC-4,89,43
GHAZ-CHC-1,0,84
GHAZ-CHC-1,1,85
GHAZ-CHC-1,2,101
GHAZ-CHC-1,3,93
GHAZ-CHC-1,4,108
GHAZ-CHC-1,5,65
GHAZ-CHC-1,6,79
GHAZ-CHC-1,7,83
GHAZ-CHC-1,8,94
GHAZ-CHC-1,9,80
GHAZ-CHC-1,10,86
GHAZ-CHC-1,11,107
GHAZ-CHC-1,12,61
GHAZ-CHC-1,13,74
GHAZ-CHC-1,14,84
GHAZ-CHC-1,15,75
GHAZ-CHC-1,16,71
GHAZ-CHC-1,17,84
GHAZ-CHC-1,18,72
GHAZ-CHC-1,19,56
GHAZ-CHC-1,20,57
GHAZ-CHC-1,21,69
GHAZ-CHC-1,22,72
GHAZ-CHC-1,23,69
GHAZ-CHC-1,24,75
GHAZ-CHC-1,25,65
GHAZ-CHC-1,26,70
GHAZ-CHC-1,27,66
GHAZ-CHC-1,28,80
GHAZ-CHC-1,29,81
GHAZ-CHC-1,30,89
GHAZ-CHC-1,31,86
GHAZ-CHC-1,32,109
GHAZ-CHC-1,33,63
GHAZ-CHC-1,34,63
GHAZ-CHC-1,35,86
GHAZ-CHC-1,36,105
GHAZ-CHC-1,37,82
GHAZ-CHC-1,38,108
GHAZ-CHC-1,39,173
GHAZ-CHC-1,40,75
GHAZ-CHC-1,41,125
GHAZ-CHC-1,42,102
GHAZ-CHC-1,43,102
GHAZ-CHC-1,44,79
GHAZ-CHC-1,45,85
GHAZ-CHC-1,46,84
GHAZ-CHC-1,47,59
GHAZ-CHC-1,48,54
GHAZ-CHC-1,49,90
GHAZ-CHC-1,50,81
GHAZ-CHC-1,51,77
GHAZ-CHC-1,52,59
GHAZ-CHC-1,53,71
GHAZ-CHC-1,54,48
GHAZ-CHC-1,55,109
GHAZ-CHC-1,56,79
GHAZ-CHC-1,57,95
GHAZ-CHC-1,58,103
GHAZ-CHC-1,59,73
GHAZ-CHC-1,60,71
GHAZ-CHC-1,61,54
GHAZ-CHC-1,62,61
GHAZ-CHC-1,63,84
GHAZ-CHC-1,64,111
GHAZ-CHC-1,65,114
GHAZ-CHC-1,66,116
GHAZ-CHC-1,67,107
GHAZ-CHC-1,68,84
GHAZ-CHC-1,69,63
GHAZ-CHC-1,70,85
GHAZ-CHC-1,71,104
GHAZ-CHC-1,72,89
GHAZ-CHC-1,73,94
GHAZ-CHC-1,74,111
GHAZ-CHC-1,75,74
GHAZ-CHC-1,76,55
GHAZ-CHC-1,77,97
GHAZ-CHC-1,78,92
GHAZ-CHC-1,79,73
GHAZ-CHC-1,80,80
GHAZ-CHC-1,81,64
GHAZ-CHC-1,82,55
GHAZ-CHC-1,83,47
GHAZ-CHC-1,84,92
GHAZ-CHC-1,85,74
GHAZ-CHC-1,86,79
GHAZ-CHC-1,87,81
GHAZ-CHC-1,88,70
GHAZ-CHC-1,89,66
GHAZ-PHC-2,0,115
GHAZ-PHC-2,1,121
GHAZ-PHC-2,2,109
GHAZ-PHC-2,3,114
GHAZ-PHC-2,4,222
GHAZ-PHC-2,5,90
GHAZ-PHC-2,6,78
GHAZ-PHC-2,7,231
GHAZ-PHC-2,8,117
GHAZ-PHC-2,9,112
GHAZ-PHC-2,10,135
GHAZ-PHC-2,11,121
GHAZ-PHC-2,12,98
GHAZ-PHC-2,13,80
GHAZ-PHC-2,14,122
GHAZ-PHC-2,15,98
GHAZ-PHC-2,16,87
GHAZ-PHC-2,17,93
GHAZ-PHC-2,18,92
GHAZ-PHC-2,19,71
GHAZ-PHC-2,20,70
GHAZ-PHC-2,21,94
GHAZ-PHC-2,22,80
GHAZ-PHC-2,23,93
GHAZ-PHC-2,24,90
GHAZ-PHC-2,25,179
GHAZ-PHC-2,26,122
GHAZ-PHC-2,27,72
GHAZ-PHC-2,28,122
GHAZ-PHC-2,29,111
GHAZ-PHC-2,30,127
GHAZ-PHC-2,31,119
GHAZ-PHC-2,32,123
GHAZ-PHC-2,33,87
GHAZ-PHC-2,34,103
GHAZ-PHC-2,35,147
GHAZ-PHC-2,36,116
GHAZ-PHC-2,37,120
GHAZ-PHC-2,38,120
GHAZ-PHC-2,39,117
GHAZ-PHC-2,40,95
GHAZ-PHC-2,41,88
GHAZ-PHC-2,42,122
GHAZ-PHC-2,43,119
GHAZ-PHC-2,44,105
GHAZ-PHC-2,45,108
GHAZ-PHC-2,46,104
GHAZ-PHC-2,47,83
GHAZ-PHC-2,48,76
GHAZ-PHC-2,49,88
GHAZ-PHC-2,50,104
GHAZ-PHC-2,51,100
GHAZ-PHC-2,52,98
GHAZ-PHC-2,53,153
GHAZ-PHC-2,54,66
GHAZ-PHC-2,55,75
GHAZ-PHC-2,56,99
GHAZ-PHC-2,57,106
GHAZ-PHC-2,58,100
GHAZ-PHC-2,59,131
GHAZ-PHC-2,60,205
GHAZ-PHC-2,61,66
GHAZ-PHC-2,62,99
GHAZ-PHC-2,63,216
GHAZ-PHC-2,64,123
GHAZ-PHC-2,65,113
GHAZ-PHC-2,66,133
GHAZ-PHC-2,67,134
GHAZ-PHC-2,68,97
GHAZ-PHC-2,69,90
GHAZ-PHC-2,70,127
GHAZ-PHC-2,71,133
GHAZ-PHC-2,72,188
GHAZ-PHC-2,73,111
GHAZ-PHC-2,74,106
GHAZ-PHC-2,75,92
GHAZ-PHC-2,76,138
GHAZ-PHC-2,77,98
GHAZ-PHC-2,78,104
GHAZ-PHC-2,79,94
GHAZ-PHC-2,80,108
GHAZ-PHC-2,81,92
GHAZ-PHC-2,82,61
GHAZ-PHC-2,83,79
GHAZ-PHC-2,84,87
GHAZ-PHC-2,85,122
GHAZ-PHC-2,86,95
GHAZ-PHC-2,87,104
GHAZ-PHC-2,88,100
GHAZ-PHC-2,89,71
GHAZ-PHC-3,0,100
GHAZ-PHC-3,1,105
GHAZ-PHC-3,2,110
GHAZ-PHC-3,3,116
GHAZ-PHC-3,4,113
GHAZ-PHC-3,5,63
GHAZ-PHC-3,6,143
GHAZ-PHC-3,7,112
GHAZ-PHC-3,8,130
GHAZ-PHC-3,9,115
GHAZ-PHC-3,10,118
GHAZ-PHC-3,11,106
GHAZ-PHC-3,12,81
GHAZ-PHC-3,13,66
GHAZ-PHC-3,14,101
GHAZ-PHC-3,15,91
GHAZ-PHC-3,16,106
GHAZ-PHC-3,17,93
GHAZ-PHC-3,18,78
GHAZ-PHC-3,19,67
GHAZ-PHC-3,20,64
GHAZ-PHC-3,21,92
GHAZ-PHC-3,22,106
GHAZ-PHC-3,23,84
GHAZ-PHC-3,24,93
GHAZ-PHC-3,25,82
GHAZ-PHC-3,26,54
GHAZ-PHC-3,27,59
GHAZ-PHC-3,28,97
GHAZ-PHC-3,29,103
GHAZ-PHC-3,30,71
GHAZ-PHC-3,31,115
GHAZ-PHC-3,32,98
GHAZ-PHC-3,33,68
GHAZ-PHC-3,34,80
GHAZ-PHC-3,35,113
GHAZ-PHC-3,36,128
GHAZ-PHC-3,37,111
GHAZ-PHC-3,38,115
GHAZ-PHC-3,39,124
GHAZ-PHC-3,40,93
GHAZ-PHC-3,41,78
GHAZ-PHC-3,42,124
GHAZ-PHC-3,43,114
GHAZ-PHC-3,44,118
GHAZ-PHC-3,45,172
GHAZ-PHC-3,46,107
GHAZ-PHC-3,47,89
GHAZ-PHC-3,48,64
GHAZ-PHC-3,49,99
GHAZ-PHC-3,50,95
GHAZ-PHC-3,51,85
GHAZ-PHC-3,52,88
GHAZ-PHC-3,53,105
GHAZ-PHC-3,54,58
GHAZ-PHC-3,55,54
GHAZ-PHC-3,56,102
GHAZ-PHC-3,57,87
GHAZ-PHC-3,58,92
GHAZ-PHC-3,59,86
GHAZ-PHC-3,60,87
GHAZ-PHC-3,61,84
GHAZ-PHC-3,62,70
GHAZ-PHC-3,63,118
GHAZ-PHC-3,64,99
GHAZ-PHC-3,65,122
GHAZ-PHC-3,66,104
GHAZ-PHC-3,67,115
GHAZ-PHC-3,68,84
GHAZ-PHC-3,69,62
GHAZ-PHC-3,70,130
GHAZ-PHC-3,71,117
GHAZ-PHC-3,72,106
GHAZ-PHC-3,73,95
GHAZ-PHC-3,74,101
GHAZ-PHC-3,75,74
GHAZ-PHC-3,76,84
GHAZ-PHC-3,77,187
GHAZ-PHC-3,78,78
GHAZ-PHC-3,79,99
GHAZ-PHC-3,80,95
GHAZ-PHC-3,81,86
GHAZ-PHC-3,82,54
GHAZ-PHC-3,83,59
GHAZ-PHC-3,84,169
GHAZ-PHC-3,85,85
GHAZ-PHC-3,86,115
GHAZ-PHC-3,87,91
GHAZ-PHC-3,88,84
GHAZ-PHC-3,89,82
GHAZ-PHC-4,0,113
GHAZ-PHC-4,1,112
GHAZ-PHC-4,2,111
GHAZ-PHC-4,3,109
GHAZ-PHC-4,4,132
GHAZ-PHC-4,5,90
GHAZ-PHC-4,6,97
GHAZ-PHC-4,7,134
GHAZ-PHC-4,8,144
GHAZ-PHC-4,9,143
GHAZ-PHC-4,10,147
GHAZ-PHC-4,11,130
GHAZ-PHC-4,12,89
GHAZ-PHC-4,13,89
GHAZ-PHC-4,14,111
GHAZ-PHC-4,15,112
GHAZ-PHC-4,16,101
GHAZ-PHC-4,17,107
GHAZ-PHC-4,18,104
GHAZ-PHC-4,19,70
GHAZ-PHC-4,20,76
GHAZ-PHC-4,21,87
GHAZ-PHC-4,22,109
GHAZ-PHC-4,23,86
GHAZ-PHC-4,24,100
GHAZ-PHC-4,25,88
GHAZ-PHC-4,26,81
GHAZ-PHC-4,27,65
GHAZ-PHC-4,28,111
GHAZ-PHC-4,29,109
GHAZ-PHC-4,30,216
GHAZ-PHC-4,31,99
GHAZ-PHC-4,32,130
GHAZ-PHC-4,33,85
GHAZ-PHC-4,34,74
GHAZ-PHC-4,35,140
GHAZ-PHC-4,36,111
GHAZ-PHC-4,37,124
GHAZ-PHC-4,38,132
GHAZ-PHC-4,39,147
GHAZ-PHC-4,40,89
GHAZ-PHC-4,41,77
GHAZ-PHC-4,42,211
GHAZ-PHC-4,43,121
GHAZ-PHC-4,44,124
GHAZ-PHC-4,45,109
GHAZ-PHC-4,46,117
GHAZ-PHC-4,47,84
GHAZ-PHC-4,48,68
GHAZ-PHC-4,49,104
GHAZ-PHC-4,50,94
GHAZ-PHC-4,51,105
GHAZ-PHC-4,52,95
GHAZ-PHC-4,53,101
GHAZ-PHC-4,54,73
GHAZ-PHC-4,55,65
GHAZ-PHC-4,56,93
GHAZ-PHC-4,57,101
GHAZ-PHC-4,58,102
GHAZ-PHC-4,59,116
GHAZ-PHC-4,60,127
GHAZ-PHC-4,61,68
GHAZ-PHC-4,62,95
GHAZ-PHC-4,63,216
GHAZ-PHC-4,64,110
GHAZ-PHC-4,65,122
GHAZ-PHC-4,66,118
GHAZ-PHC-4,67,136
GHAZ-PHC-4,68,100
GHAZ-PHC-4,69,101
GHAZ-PHC-4,70,130
GHAZ-PHC-4,71,127
GHAZ-PHC-4,72,126
GHAZ-PHC-4,73,106
GHAZ-PHC-4,74,109
GHAZ-PHC-4,75,102
GHAZ-PHC-4,76,61
GHAZ-PHC-4,77,103
GHAZ-PHC-4,78,107
GHAZ-PHC-4,79,114
GHAZ-PHC-4,80,93
GHAZ-PHC-4,81,87
GHAZ-PHC-4,82,73
GHAZ-PHC-4,83,69
GHAZ-PHC-4,84,105
GHAZ-PHC-4,85,103
GHAZ-PHC-4,86,94
GHAZ-PHC-4,87,109
GHAZ-PHC-4,88,118
GHAZ-PHC-4,89,73
AZAM-CHC-1,0,62
AZAM-CHC-1,1,62
AZAM-CHC-1,2,63
AZAM-CHC-1,3,69
AZAM-CHC-1,4,104
AZAM-CHC-1,5,37
AZAM-CHC-1,6,84
AZAM-CHC-1,7,70
AZAM-CHC-1,8,70
AZAM-CHC-1,9,71
AZAM-CHC-1,10,76
AZAM-CHC-1,11,71
AZAM-CHC-1,12,39
AZAM-CHC-1,13,53
AZAM-CHC-1,14,48
AZAM-CHC-1,15,53
AZAM-CHC-1,16,51
AZAM-CHC-1,17,61
AZAM-CHC-1,18,68
AZAM-CHC-1,19,35
AZAM-CHC-1,20,36
AZAM-CHC-1,21,69
AZAM-CHC-1,22,53
AZAM-CHC-1,23,50
AZAM-CHC-1,24,54
AZAM-CHC-1,25,66
AZAM-CHC-1,26,45
AZAM-CHC-1,27,41
AZAM-CHC-1,28,62
AZAM-CHC-1,29,64
AZAM-CHC-1,30,58
AZAM-CHC-1,31,65
AZAM-CHC-1,32,115
AZAM-CHC-1,33,34
AZAM-CHC-1,34,41
AZAM-CHC-1,35,82
AZAM-CHC-1,36,67
AZAM-CHC-1,37,68
AZAM-CHC-1,38,65
AZAM-CHC-1,39,61
AZAM-CHC-1,40,40
AZAM-CHC-1,41,50
AZAM-CHC-1,42,62
AZAM-CHC-1,43,63
AZAM-CHC-1,44,66
AZAM-CHC-1,45,67
AZAM-CHC-1,46,60
AZAM-CHC-1,47,37
AZAM-CHC-1,48,33
AZAM-CHC-1,49,49
AZAM-CHC-1,50,48
AZAM-CHC-1,51,39
AZAM-CHC-1,52,54
AZAM-CHC-1,53,51
AZAM-CHC-1,54,32
AZAM-CHC-1,55,41
AZAM-CHC-1,56,57
AZAM-CHC-1,57,50
AZAM-CHC-1,58,61
AZAM-CHC-1,59,58
AZAM-CHC-1,60,59
AZAM-CHC-1,61,32
AZAM-CHC-1,62,62
AZAM-CHC-1,63,70
AZAM-CHC-1,64,127
AZAM-CHC-1,65,56
AZAM-CHC-1,66,72
AZAM-CHC-1,67,77
AZAM-CHC-1,68,58
AZAM-CHC-1,69,52
AZAM-CHC-1,70,68
AZAM-CHC-1,71,140
AZAM-CHC-1,72,72
AZAM-CHC-1,73,61
AZAM-CHC-1,74,66
AZAM-CHC-1,75,35
AZAM-CHC-1,76,37
AZAM-CHC-1,77,60
AZAM-CHC-1,78,113
AZAM-CHC-1,79,52
AZAM-CHC-1,80,45
AZAM-CHC-1,81,51
AZAM-CHC-1,82,40
AZAM-CHC-1,83,37
AZAM-CHC-1,84,87
AZAM-CHC-1,85,42
AZAM-CHC-1,86,48
AZAM-CHC-1,87,54
AZAM-CHC-1,88,59
AZAM-CHC-1,89,43
AZAM-PHC-2,0,67
AZAM-PHC-2,1,82
AZAM-PHC-2,2,97
AZAM-PHC-2,3,66
AZAM-PHC-2,4,89
AZAM-PHC-2,5,71
AZAM-PHC-2,6,73
AZAM-PHC-2,7,93
AZAM-PHC-2,8,100
AZAM-PHC-2,9,89
AZAM-PHC-2,10,95
AZAM-PHC-2,11,87
AZAM-PHC-2,12,66
AZAM-PHC-2,13,51
AZAM-PHC-2,14,81
AZAM-PHC-2,15,102
AZAM-PHC-2,16,85
AZAM-PHC-2,17,87
AZAM-PHC-2,18,72
AZAM-PHC-2,19,47
AZAM-PHC-2,20,48
AZAM-PHC-2,21,60
AZAM-PHC-2,22,77
AZAM-PHC-2,23,72
AZAM-PHC-2,24,50
AZAM-PHC-2,25,79
AZAM-PHC-2,26,49
AZAM-PHC-2,27,46
AZAM-PHC-2,28,77
AZAM-PHC-2,29,94
AZAM-PHC-2,30,73
AZAM-PHC-2,31,77
AZAM-PHC-2,32,85
AZAM-PHC-2,33,69
AZAM-PHC-2,34,73
AZAM-PHC-2,35,88
AZAM-PHC-2,36,97
AZAM-PHC-2,37,103
AZAM-PHC-2,38,95
AZAM-PHC-2,39,78
AZAM-PHC-2,40,68
AZAM-PHC-2,41,62
AZAM-PHC-2,42,96
AZAM-PHC-2,43,76
AZAM-PHC-2,44,85
AZAM-PHC-2,45,103
AZAM-PHC-2,46,71
AZAM-PHC-2,47,74
AZAM-PHC-2,48,74
AZAM-PHC-2,49,78
AZAM-PHC-2,50,58
AZAM-PHC-2,51,65
AZAM-PHC-2,52,90
AZAM-PHC-2,53,56
AZAM-PHC-2,54,41
AZAM-PHC-2,55,37
AZAM-PHC-2,56,70
AZAM-PHC-2,57,84
AZAM-PHC-2,58,66
AZAM-PHC-2,59,90
AZAM-PHC-2,60,96
AZAM-PHC-2,61,53
AZAM-PHC-2,62,63
AZAM-PHC-2,63,78
AZAM-PHC-2,64,94
AZAM-PHC-2,65,91
AZAM-PHC-2,66,99
AZAM-PHC-2,67,110
AZAM-PHC-2,68,68
AZAM-PHC-2,69,53
AZAM-PHC-2,70,94
AZAM-PHC-2,71,82
AZAM-PHC-2,72,103
AZAM-PHC-2,73,92
AZAM-PHC-2,74,95
AZAM-PHC-2,75,67
AZAM-PHC-2,76,50
AZAM-PHC-2,77,76
AZAM-PHC-2,78,75
AZAM-PHC-2,79,61
AZAM-PHC-2,80,62
AZAM-PHC-2,81,78
AZAM-PHC-2,82,61
AZAM-PHC-2,83,50
AZAM-PHC-2,84,115
AZAM-PHC-2,85,92
AZAM-PHC-2,86,73
AZAM-PHC-2,87,72
AZAM-PHC-2,88,79
AZAM-PHC-2,89,66
AZAM-PHC-3,0,108
AZAM-PHC-3,1,97
AZAM-PHC-3,2,111
AZAM-PHC-3,3,119
AZAM-PHC-3,4,120
AZAM-PHC-3,5,90
AZAM-PHC-3,6,96
AZAM-PHC-3,7,124
AZAM-PHC-3,8,245
AZAM-PHC-3,9,116
AZAM-PHC-3,10,143
AZAM-PHC-3,11,123
AZAM-PHC-3,12,103
AZAM-PHC-3,13,75
AZAM-PHC-3,14,121
AZAM-PHC-3,15,121
AZAM-PHC-3,16,102
AZAM-PHC-3,17,115
AZAM-PHC-3,18,103
AZAM-PHC-3,19,54
AZAM-PHC-3,20,72
AZAM-PHC-3,21,113
AZAM-PHC-3,22,99
AZAM-PHC-3,23,81
AZAM-PHC-3,24,99
AZAM-PHC-3,25,105
AZAM-PHC-3,26,66
AZAM-PHC-3,27,59
AZAM-PHC-3,28,107
AZAM-PHC-3,29,112
AZAM-PHC-3,30,127
AZAM-PHC-3,31,108
AZAM-PHC-3,32,103
AZAM-PHC-3,33,104
AZAM-PHC-3,34,75
AZAM-PHC-3,35,122
AZAM-PHC-3,36,131
AZAM-PHC-3,37,144
AZAM-PHC-3,38,120
AZAM-PHC-3,39,129
AZAM-PHC-3,40,91
AZAM-PHC-3,41,72
AZAM-PHC-3,42,131
AZAM-PHC-3,43,115
AZAM-PHC-3,44,120
AZAM-PHC-3,45,119
AZAM-PHC-3,46,121
AZAM-PHC-3,47,72
AZAM-PHC-3,48,68
AZAM-PHC-3,49,92
AZAM-PHC-3,50,101
AZAM-PHC-3,51,101
AZAM-PHC-3,52,93
AZAM-PHC-3,53,101
AZAM-PHC-3,54,81
AZAM-PHC-3,55,64
AZAM-PHC-3,56,94
AZAM-PHC-3,57,95
AZAM-PHC-3,58,96
AZAM-PHC-3,59,102
AZAM-PHC-3,60,113
AZAM-PHC-3,61,89
AZAM-PHC-3,62,92
AZAM-PHC-3,63,128
AZAM-PHC-3,64,120
AZAM-PHC-3,65,132
AZAM-PHC-3,66,144
AZAM-PHC-3,67,139
AZAM-PHC-3,68,75
AZAM-PHC-3,69,163
AZAM-PHC-3,70,119
AZAM-PHC-3,71,125
AZAM-PHC-3,72,119
AZAM-PHC-3,73,118
AZAM-PHC-3,74,114
AZAM-PHC-3,75,80
AZAM-PHC-3,76,68
AZAM-PHC-3,77,115
AZAM-PHC-3,78,100
AZAM-PHC-3,79,95
AZAM-PHC-3,80,104
AZAM-PHC-3,81,102
AZAM-PHC-3,82,67
AZAM-PHC-3,83,51
AZAM-PHC-3,84,81
AZAM-PHC-3,85,111
AZAM-PHC-3,86,101
AZAM-PHC-3,87,103
AZAM-PHC-3,88,104
AZAM-PHC-3,89,89
AZAM-PHC-4,0,108
AZAM-PHC-4,1,100
AZAM-PHC-4,2,84
AZAM-PHC-4,3,93
AZAM-PHC-4,4,102
AZAM-PHC-4,5,73
AZAM-PHC-4,6,81
AZAM-PHC-4,7,101
AZAM-PHC-4,8,108
AZAM-PHC-4,9,207
AZAM-PHC-4,10,96
AZAM-PHC-4,11,98
AZAM-PHC-4,12,70
AZAM-PHC-4,13,81
AZAM-PHC-4,14,89
AZAM-PHC-4,15,84
AZAM-PHC-4,16,85
AZAM-PHC-4,17,97
AZAM-PHC-4,18,84
AZAM-PHC-4,19,66
AZAM-PHC-4,20,51
AZAM-PHC-4,21,71
AZAM-PHC-4,22,97
AZAM-PHC-4,23,78
AZAM-PHC-4,24,82
AZAM-PHC-4,25,74
AZAM-PHC-4,26,53
AZAM-PHC-4,27,68
AZAM-PHC-4,28,87
AZAM-PHC-4,29,76
AZAM-PHC-4,30,104
AZAM-PHC-4,31,80
AZAM-PHC-4,32,108
AZAM-PHC-4,33,91
AZAM-PHC-4,34,74
AZAM-PHC-4,35,111
AZAM-PHC-4,36,114
AZAM-PHC-4,37,95
AZAM-PHC-4,38,114
AZAM-PHC-4,39,105
AZAM-PHC-4,40,73
AZAM-PHC-4,41,66
AZAM-PHC-4,42,99
AZAM-PHC-4,43,95
AZAM-PHC-4,44,100
AZAM-PHC-4,45,79
AZAM-PHC-4,46,81
AZAM-PHC-4,47,59
AZAM-PHC-4,48,70
AZAM-PHC-4,49,78
AZAM-PHC-4,50,83
AZAM-PHC-4,51,88
AZAM-PHC-4,52,71
AZAM-PHC-4,53,69
AZAM-PHC-4,54,57
AZAM-PHC-4,55,59
AZAM-PHC-4,56,71
AZAM-PHC-4,57,87
AZAM-PHC-4,58,138
AZAM-PHC-4,59,94
AZAM-PHC-4,60,102
AZAM-PHC-4,61,64
AZAM-PHC-4,62,75
AZAM-PHC-4,63,100
AZAM-PHC-4,64,98
AZAM-PHC-4,65,112
AZAM-PHC-4,66,96
AZAM-PHC-4,67,127
AZAM-PHC-4,68,82
AZAM-PHC-4,69,70
AZAM-PHC-4,70,101
AZAM-PHC-4,71,114
AZAM-PHC-4,72,112
AZAM-PHC-4,73,80
AZAM-PHC-4,74,87
AZAM-PHC-4,75,69
AZAM-PHC-4,76,74
AZAM-PHC-4,77,88
AZAM-PHC-4,78,85
AZAM-PHC-4,79,81
AZAM-PHC-4,80,83
AZAM-PHC-4,81,71
AZAM-PHC-4,82,64
AZAM-PHC-4,83,51
AZAM-PHC-4,84,61
AZAM-PHC-4,85,73
AZAM-PHC-4,86,85
AZAM-PHC-4,87,82
AZAM-PHC-4,88,92
AZAM-PHC-4,89,64
PUDU-CHC-1,0,72
PUDU-CHC-1,1,91
PUDU-CHC-1,2,97
PUDU-CHC-1,3,89
PUDU-CHC-1,4,99
PUDU-CHC-1,5,53
PUDU-CHC-1,6,96
PUDU-CHC-1,7,77
PUDU-CHC-1,8,96
PUDU-CHC-1,9,91
PUDU-CHC-1,10,102
PUDU-CHC-1,11,107
PUDU-CHC-1,12,53
PUDU-CHC-1,13,51
PUDU-CHC-1,14,76
PUDU-CHC-1,15,81
PUDU-CHC-1,16,52
PUDU-CHC-1,17,66
PUDU-CHC-1,18,78
PUDU-CHC-1,19,46
PUDU-CHC-1,20,47
PUDU-CHC-1,21,76
PUDU-CHC-1,22,64
PUDU-CHC-1,23,72
PUDU-CHC-1,24,65
PUDU-CHC-1,25,89
PUDU-CHC-1,26,54
PUDU-CHC-1,27,52
PUDU-CHC-1,28,77
PUDU-CHC-1,29,92
PUDU-CHC-1,30,76
PUDU-CHC-1,31,93
PUDU-CHC-1,32,94
PUDU-CHC-1,33,53
PUDU-CHC-1,34,74
PUDU-CHC-1,35,98
PUDU-CHC-1,36,77
PUDU-CHC-1,37,98
PUDU-CHC-1,38,99
PUDU-CHC-1,39,111
PUDU-CHC-1,40,62
PUDU-CHC-1,41,65
PUDU-CHC-1,42,74
PUDU-CHC-1,43,87
PUDU-CHC-1,44,78
PUDU-CHC-1,45,70
PUDU-CHC-1,46,82
PUDU-CHC-1,47,95
PUDU-CHC-1,48,60
PUDU-CHC-1,49,63
PUDU-CHC-1,50,68
PUDU-CHC-1,51,64
PUDU-CHC-1,52,73
PUDU-CHC-1,53,71
PUDU-CHC-1,54,44
PUDU-CHC-1,55,58
PUDU-CHC-1,56,71
PUDU-CHC-1,57,69
PUDU-CHC-1,58,88
PUDU-CHC-1,59,79
PUDU-CHC-1,60,72
PUDU-CHC-1,61,60
PUDU-CHC-1,62,49
PUDU-CHC-1,63,74
PUDU-CHC-1,64,99
PUDU-CHC-1,65,95
PUDU-CHC-1,66,92
PUDU-CHC-1,67,89
PUDU-CHC-1,68,79
PUDU-CHC-1,69,66
PUDU-CHC-1,70,90
PUDU-CHC-1,71,90
PUDU-CHC-1,72,83
PUDU-CHC-1,73,81
PUDU-CHC-1,74,87
PUDU-CHC-1,75,69
PUDU-CHC-1,76,43
PUDU-CHC-1,77,83
PUDU-CHC-1,78,74
PUDU-CHC-1,79,81
PUDU-CHC-1,80,69
PUDU-CHC-1,81,68
PUDU-CHC-1,82,53
PUDU-CHC-1,83,44
PUDU-CHC-1,84,82
PUDU-CHC-1,85,83
PUDU-CHC-1,86,73
PUDU-CHC-1,87,75
PUDU-CHC-1,88,88
PUDU-CHC-1,89,65
PUDU-PHC-2,0,82
PUDU-PHC-2,1,88
PUDU-PHC-2,2,104
PUDU-PHC-2,3,104
PUDU-PHC-2,4,98
PUDU-PHC-2,5,61
PUDU-PHC-2,6,62
PUDU-PHC-2,7,97
PUDU-PHC-2,8,108
PUDU-PHC-2,9,97
PUDU-PHC-2,10,103
PUDU-PHC-2,11,93
PUDU-PHC-2,12,84
PUDU-PHC-2,13,68
PUDU-PHC-2,14,99
PUDU-PHC-2,15,107
PUDU-PHC-2,16,88
PUDU-PHC-2,17,79
PUDU-PHC-2,18,80
PUDU-PHC-2,19,67
PUDU-PHC-2,20,52
PUDU-PHC-2,21,88
PUDU-PHC-2,22,77
PUDU-PHC-2,23,85
PUDU-PHC-2,24,84
PUDU-PHC-2,25,74
PUDU-PHC-2,26,62
PUDU-PHC-2,27,59
PUDU-PHC-2,28,85
PUDU-PHC-2,29,106
PUDU-PHC-2,30,94
PUDU-PHC-2,31,85
PUDU-PHC-2,32,104
PUDU-PHC-2,33,67
PUDU-PHC-2,34,84
PUDU-PHC-2,35,105
PUDU-PHC-2,36,105
PUDU-PHC-2,37,112
PUDU-PHC-2,38,110
PUDU-PHC-2,39,106
PUDU-PHC-2,40,75
PUDU-PHC-2,41,86
PUDU-PHC-2,42,92
PUDU-PHC-2,43,117
PUDU-PHC-2,44,98
PUDU-PHC-2,45,108
PUDU-PHC-2,46,102
PUDU-PHC-2,47,63
PUDU-PHC-2,48,65
PUDU-PHC-2,49,108
PUDU-PHC-2,50,74
PUDU-PHC-2,51,96
PUDU-PHC-2,52,155
PUDU-PHC-2,53,77
PUDU-PHC-2,54,58
PUDU-PHC-2,55,48
PUDU-PHC-2,56,91
PUDU-PHC-2,57,151
PUDU-PHC-2,58,86
PUDU-PHC-2,59,90
PUDU-PHC-2,60,105
PUDU-PHC-2,61,75
PUDU-PHC-2,62,67
PUDU-PHC-2,63,96
PUDU-PHC-2,64,116
PUDU-PHC-2,65,220
PUDU-PHC-2,66,114
PUDU-PHC-2,67,104
PUDU-PHC-2,68,74
PUDU-PHC-2,69,70
PUDU-PHC-2,70,112
PUDU-PHC-2,71,113
PUDU-PHC-2,72,95
PUDU-PHC-2,73,93
PUDU-PHC-2,74,101
PUDU-PHC-2,75,63
PUDU-PHC-2,76,78
PUDU-PHC-2,77,89
PUDU-PHC-2,78,94
PUDU-PHC-2,79,87
PUDU-PHC-2,80,73
PUDU-PHC-2,81,85
PUDU-PHC-2,82,63
PUDU-PHC-2,83,56
PUDU-PHC-2,84,99
PUDU-PHC-2,85,69
PUDU-PHC-2,86,81
PUDU-PHC-2,87,77
PUDU-PHC-2,88,103
PUDU-PHC-2,89,57
PUDU-PHC-3,0,85
PUDU-PHC-3,1,80
PUDU-PHC-3,2,75
PUDU-PHC-3,3,75
PUDU-PHC-3,4,83
PUDU-PHC-3,5,58
PUDU-PHC-3,6,66
PUDU-PHC-3,7,86
PUDU-PHC-3,8,72
PUDU-PHC-3,9,91
PUDU-PHC-3,10,81
PUDU-PHC-3,11,95
PUDU-PHC-3,12,51
PUDU-PHC-3,13,48
PUDU-PHC-3,14,78
PUDU-PHC-3,15,131
PUDU-PHC-3,16,66
PUDU-PHC-3,17,66
PUDU-PHC-3,18,64
PUDU-PHC-3,19,50
PUDU-PHC-3,20,41
PUDU-PHC-3,21,62
PUDU-PHC-3,22,66
PUDU-PHC-3,23,67
PUDU-PHC-3,24,57
PUDU-PHC-3,25,58
PUDU-PHC-3,26,40
PUDU-PHC-3,27,36
PUDU-PHC-3,28,79
PUDU-PHC-3,29,54
PUDU-PHC-3,30,72
PUDU-PHC-3,31,75
PUDU-PHC-3,32,80
PUDU-PHC-3,33,58
PUDU-PHC-3,34,65
PUDU-PHC-3,35,110
PUDU-PHC-3,36,81
PUDU-PHC-3,37,75
PUDU-PHC-3,38,100
PUDU-PHC-3,39,79
PUDU-PHC-3,40,52
PUDU-PHC-3,41,67
PUDU-PHC-3,42,77
PUDU-PHC-3,43,73
PUDU-PHC-3,44,77
PUDU-PHC-3,45,69
PUDU-PHC-3,46,70
PUDU-PHC-3,47,54
PUDU-PHC-3,48,47
PUDU-PHC-3,49,71
PUDU-PHC-3,50,63
PUDU-PHC-3,51,62
PUDU-PHC-3,52,73
PUDU-PHC-3,53,50
PUDU-PHC-3,54,40
PUDU-PHC-3,55,52
PUDU-PHC-3,56,125
PUDU-PHC-3,57,62
PUDU-PHC-3,58,80
PUDU-PHC-3,59,78
PUDU-PHC-3,60,70
PUDU-PHC-3,61,56
PUDU-PHC-3,62,40
PUDU-PHC-3,63,72
PUDU-PHC-3,64,87
PUDU-PHC-3,65,91
PUDU-PHC-3,66,96
PUDU-PHC-3,67,81
PUDU-PHC-3,68,55
PUDU-PHC-3,69,56
PUDU-PHC-3,70,81
PUDU-PHC-3,71,74
PUDU-PHC-3,72,86
PUDU-PHC-3,73,73
PUDU-PHC-3,74,82
PUDU-PHC-3,75,53
PUDU-PHC-3,76,65
PUDU-PHC-3,77,70
PUDU-PHC-3,78,81
PUDU-PHC-3,79,60
PUDU-PHC-3,80,66
PUDU-PHC-3,81,55
PUDU-PHC-3,82,46
PUDU-PHC-3,83,42
PUDU-PHC-3,84,56
PUDU-PHC-3,85,69
PUDU-PHC-3,86,64
PUDU-PHC-3,87,70
PUDU-PHC-3,88,61
PUDU-PHC-3,89,41
PUDU-PHC-4,0,111
PUDU-PHC-4,1,94
PUDU-PHC-4,2,105
PUDU-PHC-4,3,119
PUDU-PHC-4,4,131
PUDU-PHC-4,5,70
PUDU-PHC-4,6,73
PUDU-PHC-4,7,114
PUDU-PHC-4,8,125
PUDU-PHC-4,9,120
PUDU-PHC-4,10,125
PUDU-PHC-4,11,98
PUDU-PHC-4,12,77
PUDU-PHC-4,13,67
PUDU-PHC-4,14,106
PUDU-PHC-4,15,94
PUDU-PHC-4,16,83
PUDU-PHC-4,17,103
PUDU-PHC-4,18,91
PUDU-PHC-4,19,54
PUDU-PHC-4,20,64
PUDU-PHC-4,21,87
PUDU-PHC-4,22,92
PUDU-PHC-4,23,73
PUDU-PHC-4,24,85
PUDU-PHC-4,25,96
PUDU-PHC-4,26,69
PUDU-PHC-4,27,59
PUDU-PHC-4,28,116
PUDU-PHC-4,29,101
PUDU-PHC-4,30,97
PUDU-PHC-4,31,111
PUDU-PHC-4,32,117
PUDU-PHC-4,33,64
PUDU-PHC-4,34,73
PUDU-PHC-4,35,108
PUDU-PHC-4,36,126
PUDU-PHC-4,37,108
PUDU-PHC-4,38,100
PUDU-PHC-4,39,105
PUDU-PHC-4,40,67
PUDU-PHC-4,41,70
PUDU-PHC-4,42,103
PUDU-PHC-4,43,120
PUDU-PHC-4,44,94
PUDU-PHC-4,45,92
PUDU-PHC-4,46,109
PUDU-PHC-4,47,67
PUDU-PHC-4,48,57
PUDU-PHC-4,49,78
PUDU-PHC-4,50,94
PUDU-PHC-4,51,76
PUDU-PHC-4,52,79
PUDU-PHC-4,53,79
PUDU-PHC-4,54,62
PUDU-PHC-4,55,66
PUDU-PHC-4,56,145
PUDU-PHC-4,57,89
PUDU-PHC-4,58,94
PUDU-PHC-4,59,104
PUDU-PHC-4,60,104
PUDU-PHC-4,61,74
PUDU-PHC-4,62,126
PUDU-PHC-4,63,116
PUDU-PHC-4,64,104
PUDU-PHC-4,65,118
PUDU-PHC-4,66,120
PUDU-PHC-4,67,95
PUDU-PHC-4,68,90
PUDU-PHC-4,69,79
PUDU-PHC-4,70,114
PUDU-PHC-4,71,105
PUDU-PHC-4,72,112
PUDU-PHC-4,73,80
PUDU-PHC-4,74,101
PUDU-PHC-4,75,78
PUDU-PHC-4,76,60
PUDU-PHC-4,77,92
PUDU-PHC-4,78,89
PUDU-PHC-4,79,78
PUDU-PHC-4,80,76
PUDU-PHC-4,81,86
PUDU-PHC-4,82,63
PUDU-PHC-4,83,62
PUDU-PHC-4,84,77
PUDU-PHC-4,85,67
PUDU-PHC-4,86,90
PUDU-PHC-4,87,79
PUDU-PHC-4,88,87
PUDU-PHC-4,89,63
SANG-CHC-1,0,114
SANG-CHC-1,1,46
SANG-CHC-1,2,57
SANG-CHC-1,3,56
SANG-CHC-1,4,65
SANG-CHC-1,5,48
SANG-CHC-1,6,41
SANG-CHC-1,7,50
SANG-CHC-1,8,49
SANG-CHC-1,9,61
SANG-CHC-1,10,61
SANG-CHC-1,11,57
SANG-CHC-1,12,56
SANG-CHC-1,13,89
SANG-CHC-1,14,61
SANG-CHC-1,15,57
SANG-CHC-1,16,46
SANG-CHC-1,17,46
SANG-CHC-1,18,47
SANG-CHC-1,19,39
SANG-CHC-1,20,28
SANG-CHC-1,21,49
SANG-CHC-1,22,47
SANG-CHC-1,23,47
SANG-CHC-1,24,41
SANG-CHC-1,25,40
SANG-CHC-1,26,38
SANG-CHC-1,27,26
SANG-CHC-1,28,46
SANG-CHC-1,29,39
SANG-CHC-1,30,52
SANG-CHC-1,31,38
SANG-CHC-1,32,57
SANG-CHC-1,33,45
SANG-CHC-1,34,29
SANG-CHC-1,35,62
SANG-CHC-1,36,82
SANG-CHC-1,37,55
SANG-CHC-1,38,56
SANG-CHC-1,39,60
SANG-CHC-1,40,51
SANG-CHC-1,41,33
SANG-CHC-1,42,73
SANG-CHC-1,43,53
SANG-CHC-1,44,63
SANG-CHC-1,45,58
SANG-CHC-1,46,42
SANG-CHC-1,47,31
SANG-CHC-1,48,25
SANG-CHC-1,49,46
SANG-CHC-1,50,50
SANG-CHC-1,51,42
SANG-CHC-1,52,45
SANG-CHC-1,53,43
SANG-CHC-1,54,45
SANG-CHC-1,55,36
SANG-CHC-1,56,45
SANG-CHC-1,57,53
SANG-CHC-1,58,49
SANG-CHC-1,59,54
SANG-CHC-1,60,58
SANG-CHC-1,61,50
SANG-CHC-1,62,40
SANG-CHC-1,63,58
SANG-CHC-1,64,62
SANG-CHC-1,65,59
SANG-CHC-1,66,65
SANG-CHC-1,67,70
SANG-CHC-1,68,36
SANG-CHC-1,69,33
SANG-CHC-1,70,66
SANG-CHC-1,71,62
SANG-CHC-1,72,58
SANG-CHC-1,73,60
SANG-CHC-1,74,58
SANG-CHC-1,75,43
SANG-CHC-1,76,70
SANG-CHC-1,77,52
SANG-CHC-1,78,42
SANG-CHC-1,79,39
SANG-CHC-1,80,51
SANG-CHC-1,81,48
SANG-CHC-1,82,33
SANG-CHC-1,83,37
SANG-CHC-1,84,47
SANG-CHC-1,85,37
SANG-CHC-1,86,47
SANG-CHC-1,87,52
SANG-CHC-1,88,41
SANG-CHC-1,89,29
SANG-PHC-2,0,54
SANG-PHC-2,1,62
SANG-PHC-2,2,49
SANG-PHC-2,3,61
SANG-PHC-2,4,54
SANG-PHC-2,5,43
SANG-PHC-2,6,35
SANG-PHC-2,7,47
SANG-PHC-2,8,49
SANG-PHC-2,9,50
SANG-PHC-2,10,55
SANG-PHC-2,11,61
SANG-PHC-2,12,36
SANG-PHC-2,13,32
SANG-PHC-2,14,57
SANG-PHC-2,15,46
SANG-PHC-2,16,48
SANG-PHC-2,17,51
SANG-PHC-2,18,45
SANG-PHC-2,19,42
SANG-PHC-2,20,22
SANG-PHC-2,21,46
SANG-PHC-2,22,32
SANG-PHC-2,23,39
SANG-PHC-2,24,38
SANG-PHC-2,25,88
SANG-PHC-2,26,36
SANG-PHC-2,27,26
SANG-PHC-2,28,50
SANG-PHC-2,29,34
SANG-PHC-2,30,58
SANG-PHC-2,31,57
SANG-PHC-2,32,56
SANG-PHC-2,33,35
SANG-PHC-2,34,43
SANG-PHC-2,35,45
SANG-PHC-2,36,57
SANG-PHC-2,37,53
SANG-PHC-2,38,51
SANG-PHC-2,39,58
SANG-PHC-2,40,34
SANG-PHC-2,41,31
SANG-PHC-2,42,60
SANG-PHC-2,43,42
SANG-PHC-2,44,59
SANG-PHC-2,45,59
SANG-PHC-2,46,47
SANG-PHC-2,47,33
SANG-PHC-2,48,26
SANG-PHC-2,49,47
SANG-PHC-2,50,51
SANG-PHC-2,51,54
SANG-PHC-2,52,38
SANG-PHC-2,53,33
SANG-PHC-2,54,17
SANG-PHC-2,55,23
SANG-PHC-2,56,45
SANG-PHC-2,57,59
SANG-PHC-2,58,38
SANG-PHC-2,59,56
SANG-PHC-2,60,54
SANG-PHC-2,61,46
SANG-PHC-2,62,40
SANG-PHC-2,63,50
SANG-PHC-2,64,49
SANG-PHC-2,65,53
SANG-PHC-2,66,66
SANG-PHC-2,67,50
SANG-PHC-2,68,41
SANG-PHC-2,69,32
SANG-PHC-2,70,67
SANG-PHC-2,71,53
SANG-PHC-2,72,54
SANG-PHC-2,73,61
SANG-PHC-2,74,63
SANG-PHC-2,75,30
SANG-PHC-2,76,45
SANG-PHC-2,77,43
SANG-PHC-2,78,50
SANG-PHC-2,79,59
SANG-PHC-2,80,41
SANG-PHC-2,81,43
SANG-PHC-2,82,33
SANG-PHC-2,83,25
SANG-PHC-2,84,38
SANG-PHC-2,85,36
SANG-PHC-2,86,87
SANG-PHC-2,87,54
SANG-PHC-2,88,39
SANG-PHC-2,89,33
SANG-PHC-3,0,59
SANG-PHC-3,1,68
SANG-PHC-3,2,55
SANG-PHC-3,3,55
SANG-PHC-3,4,78
SANG-PHC-3,5,49
SANG-PHC-3,6,48
SANG-PHC-3,7,65
SANG-PHC-3,8,84
SANG-PHC-3,9,84
SANG-PHC-3,10,72
SANG-PHC-3,11,55
SANG-PHC-3,12,54
SANG-PHC-3,13,37
SANG-PHC-3,14,63
SANG-PHC-3,15,64
SANG-PHC-3,16,66
SANG-PHC-3,17,58
SANG-PHC-3,18,66
SANG-PHC-3,19,28
SANG-PHC-3,20,40
SANG-PHC-3,21,51
SANG-PHC-3,22,49
SANG-PHC-3,23,51
SANG-PHC-3,24,40
SANG-PHC-3,25,52
SANG-PHC-3,26,30
SANG-PHC-3,27,37
SANG-PHC-3,28,59
SANG-PHC-3,29,60
SANG-PHC-3,30,73
SANG-PHC-3,31,64
SANG-PHC-3,32,63
SANG-PHC-3,33,54
SANG-PHC-3,34,50
SANG-PHC-3,35,69
SANG-PHC-3,36,68
SANG-PHC-3,37,57
SANG-PHC-3,38,74
SANG-PHC-3,39,65
SANG-PHC-3,40,43
SANG-PHC-3,41,49
SANG-PHC-3,42,121
SANG-PHC-3,43,58
SANG-PHC-3,44,62
SANG-PHC-3,45,66
SANG-PHC-3,46,62
SANG-PHC-3,47,40
SANG-PHC-3,48,34
SANG-PHC-3,49,58
SANG-PHC-3,50,59
SANG-PHC-3,51,52
SANG-PHC-3,52,51
SANG-PHC-3,53,53
SANG-PHC-3,54,44
SANG-PHC-3,55,44
SANG-PHC-3,56,107
SANG-PHC-3,57,49
SANG-PHC-3,58,66
SANG-PHC-3,59,53
SANG-PHC-3,60,68
SANG-PHC-3,61,50
SANG-PHC-3,62,46
SANG-PHC-3,63,66
SANG-PHC-3,64,71
SANG-PHC-3,65,66
SANG-PHC-3,66,72
SANG-PHC-3,67,65
SANG-PHC-3,68,101
SANG-PHC-3,69,43
SANG-PHC-3,70,83
SANG-PHC-3,71,70
SANG-PHC-3,72,66
SANG-PHC-3,73,79
SANG-PHC-3,74,58
SANG-PHC-3,75,39
SANG-PHC-3,76,40
SANG-PHC-3,77,56
SANG-PHC-3,78,62
SANG-PHC-3,79,45
SANG-PHC-3,80,50
SANG-PHC-3,81,45
SANG-PHC-3,82,40
SANG-PHC-3,83,32
SANG-PHC-3,84,53
SANG-PHC-3,85,47
SANG-PHC-3,86,62
SANG-PHC-3,87,59
SANG-PHC-3,88,55
SANG-PHC-3,89,41
SANG-PHC-4,0,69
SANG-PHC-4,1,111
SANG-PHC-4,2,123
SANG-PHC-4,3,67
SANG-PHC-4,4,79
SANG-PHC-4,5,59
SANG-PHC-4,6,43
SANG-PHC-4,7,70
SANG-PHC-4,8,74
SANG-PHC-4,9,70
SANG-PHC-4,10,76
SANG-PHC-4,11,67
SANG-PHC-4,12,42
SANG-PHC-4,13,49
SANG-PHC-4,14,67
SANG-PHC-4,15,59
SANG-PHC-4,16,48
SANG-PHC-4,17,116
SANG-PHC-4,18,46
SANG-PHC-4,19,42
SANG-PHC-4,20,26
SANG-PHC-4,21,52
SANG-PHC-4,22,69
SANG-PHC-4,23,54
SANG-PHC-4,24,49
SANG-PHC-4,25,42
SANG-PHC-4,26,32
SANG-PHC-4,27,37
SANG-PHC-4,28,50
SANG-PHC-4,29,64
SANG-PHC-4,30,52
SANG-PHC-4,31,104
SANG-PHC-4,32,70
SANG-PHC-4,33,31
SANG-PHC-4,34,91
SANG-PHC-4,35,73
SANG-PHC-4,36,73
SANG-PHC-4,37,75
SANG-PHC-4,38,77
SANG-PHC-4,39,72
SANG-PHC-4,40,52
SANG-PHC-4,41,50
SANG-PHC-4,42,63
SANG-PHC-4,43,69
SANG-PHC-4,44,56
SANG-PHC-4,45,58
SANG-PHC-4,46,58
SANG-PHC-4,47,39
SANG-PHC-4,48,48
SANG-PHC-4,49,62
SANG-PHC-4,50,48
SANG-PHC-4,51,39
SANG-PHC-4,52,47
SANG-PHC-4,53,87
SANG-PHC-4,54,40
SANG-PHC-4,55,38
SANG-PHC-4,56,60
SANG-PHC-4,57,99
SANG-PHC-4,58,56
SANG-PHC-4,59,61
SANG-PHC-4,60,50
SANG-PHC-4,61,44
SANG-PHC-4,62,44
SANG-PHC-4,63,73
SANG-PHC-4,64,71
SANG-PHC-4,65,109
SANG-PHC-4,66,78
SANG-PHC-4,67,69
SANG-PHC-4,68,49
SANG-PHC-4,69,58
SANG-PHC-4,70,68
SANG-PHC-4,71,68
SANG-PHC-4,72,73
SANG-PHC-4,73,63
SANG-PHC-4,74,59
SANG-PHC-4,75,49
SANG-PHC-4,76,43
SANG-PHC-4,77,58
SANG-PHC-4,78,42
SANG-PHC-4,79,59
SANG-PHC-4,80,51
SANG-PHC-4,81,41
SANG-PHC-4,82,34
SANG-PHC-4,83,35
SANG-PHC-4,84,53
SANG-PHC-4,85,52
SANG-PHC-4,86,56
SANG-PHC-4,87,49
SANG-PHC-4,88,56
SANG-PHC-4,89,45
SRI-CHC-1,0,84
SRI-CHC-1,1,87
SRI-CHC-1,2,90
SRI-CHC-1,3,86
SRI-CHC-1,4,140
SRI-CHC-1,5,71
SRI-CHC-1,6,68
SRI-CHC-1,7,112
SRI-CHC-1,8,167
SRI-CHC-1,9,88
SRI-CHC-1,10,94
SRI-CHC-1,11,85
SRI-CHC-1,12,72
SRI-CHC-1,13,50
SRI-CHC-1,14,92
SRI-CHC-1,15,83
SRI-CHC-1,16,88
SRI-CHC-1,17,76
SRI-CHC-1,18,72
SRI-CHC-1,19,45
SRI-CHC-1,20,42
SRI-CHC-1,21,69
SRI-CHC-1,22,69
SRI-CHC-1,23,71
SRI-CHC-1,24,66
SRI-CHC-1,25,62
SRI-CHC-1,26,59
SRI-CHC-1,27,57
SRI-CHC-1,28,96
SRI-CHC-1,29,159
SRI-CHC-1,30,85
SRI-CHC-1,31,86
SRI-CHC-1,32,91
SRI-CHC-1,33,54
SRI-CHC-1,34,73
SRI-CHC-1,35,91
SRI-CHC-1,36,81
SRI-CHC-1,37,102
SRI-CHC-1,38,100
SRI-CHC-1,39,109
SRI-CHC-1,40,71
SRI-CHC-1,41,67
SRI-CHC-1,42,80
SRI-CHC-1,43,92
SRI-CHC-1,44,79
SRI-CHC-1,45,76
SRI-CHC-1,46,127
SRI-CHC-1,47,54
SRI-CHC-1,48,53
SRI-CHC-1,49,66
SRI-CHC-1,50,70
SRI-CHC-1,51,55
SRI-CHC-1,52,62
SRI-CHC-1,53,94
SRI-CHC-1,54,49
SRI-CHC-1,55,43
SRI-CHC-1,56,84
SRI-CHC-1,57,65
SRI-CHC-1,58,70
SRI-CHC-1,59,72
SRI-CHC-1,60,87
SRI-CHC-1,61,52
SRI-CHC-1,62,55
SRI-CHC-1,63,86
SRI-CHC-1,64,92
SRI-CHC-1,65,87
SRI-CHC-1,66,86
SRI-CHC-1,67,75
SRI-CHC-1,68,57
SRI-CHC-1,69,68
SRI-CHC-1,70,89
SRI-CHC-1,71,93
SRI-CHC-1,72,91
SRI-CHC-1,73,89
SRI-CHC-1,74,72
SRI-CHC-1,75,57
SRI-CHC-1,76,56
SRI-CHC-1,77,78
SRI-CHC-1,78,78
SRI-CHC-1,79,68
SRI-CHC-1,80,59
SRI-CHC-1,81,66
SRI-CHC-1,82,51
SRI-CHC-1,83,49
SRI-CHC-1,84,78
SRI-CHC-1,85,79
SRI-CHC-1,86,81
SRI-CHC-1,87,80
SRI-CHC-1,88,76
SRI-CHC-1,89,53
SRI-PHC-2,0,199
SRI-PHC-2,1,104
SRI-PHC-2,2,113
SRI-PHC-2,3,125
SRI-PHC-2,4,127
SRI-PHC-2,5,82
SRI-PHC-2,6,87
SRI-PHC-2,7,122
SRI-PHC-2,8,124
SRI-PHC-2,9,113
SRI-PHC-2,10,136
SRI-PHC-2,11,131
SRI-PHC-2,12,113
SRI-PHC-2,13,61
SRI-PHC-2,14,116
SRI-PHC-2,15,124
SRI-PHC-2,16,96
SRI-PHC-2,17,95
SRI-PHC-2,18,89
SRI-PHC-2,19,71
SRI-PHC-2,20,62
SRI-PHC-2,21,101
SRI-PHC-2,22,94
SRI-PHC-2,23,86
SRI-PHC-2,24,104
SRI-PHC-2,25,79
SRI-PHC-2,26,71
SRI-PHC-2,27,68
SRI-PHC-2,28,102
SRI-PHC-2,29,101
SRI-PHC-2,30,111
SRI-PHC-2,31,118
SRI-PHC-2,32,100
SRI-PHC-2,33,89
SRI-PHC-2,34,77
SRI-PHC-2,35,130
SRI-PHC-2,36,115
SRI-PHC-2,37,122
SRI-PHC-2,38,129
SRI-PHC-2,39,116
SRI-PHC-2,40,71
SRI-PHC-2,41,87
SRI-PHC-2,42,123
SRI-PHC-2,43,118
SRI-PHC-2,44,221
SRI-PHC-2,45,179
SRI-PHC-2,46,110
SRI-PHC-2,47,68
SRI-PHC-2,48,82
SRI-PHC-2,49,87
SRI-PHC-2,50,80
SRI-PHC-2,51,87
SRI-PHC-2,52,83
SRI-PHC-2,53,90
SRI-PHC-2,54,66
SRI-PHC-2,55,66
SRI-PHC-2,56,99
SRI-PHC-2,57,110
SRI-PHC-2,58,104
SRI-PHC-2,59,118
SRI-PHC-2,60,97
SRI-PHC-2,61,82
SRI-PHC-2,62,58
SRI-PHC-2,63,109
SRI-PHC-2,64,104
SRI-PHC-2,65,122
SRI-PHC-2,66,118
SRI-PHC-2,67,195
SRI-PHC-2,68,92
SRI-PHC-2,69,91
SRI-PHC-2,70,234
SRI-PHC-2,71,147
SRI-PHC-2,72,117
SRI-PHC-2,73,122
SRI-PHC-2,74,114
SRI-PHC-2,75,85
SRI-PHC-2,76,70
SRI-PHC-2,77,104
SRI-PHC-2,78,102
SRI-PHC-2,79,92
SRI-PHC-2,80,85
SRI-PHC-2,81,92
SRI-PHC-2,82,58
SRI-PHC-2,83,71
SRI-PHC-2,84,114
SRI-PHC-2,85,80
SRI-PHC-2,86,96
SRI-PHC-2,87,95
SRI-PHC-2,88,117
SRI-PHC-2,89,68
SRI-PHC-3,0,101
SRI-PHC-3,1,93
SRI-PHC-3,2,103
SRI-PHC-3,3,111
SRI-PHC-3,4,186
SRI-PHC-3,5,86
SRI-PHC-3,6,71
SRI-PHC-3,7,105
SRI-PHC-3,8,96
SRI-PHC-3,9,113
SRI-PHC-3,10,91
SRI-PHC-3,11,103
SRI-PHC-3,12,80
SRI-PHC-3,13,74
SRI-PHC-3,14,89
SRI-PHC-3,15,88
SRI-PHC-3,16,92
SRI-PHC-3,17,84
SRI-PHC-3,18,107
SRI-PHC-3,19,57
SRI-PHC-3,20,45
SRI-PHC-3,21,90
SRI-PHC-3,22,66
SRI-PHC-3,23,75
SRI-PHC-3,24,81
SRI-PHC-3,25,66
SRI-PHC-3,26,52
SRI-PHC-3,27,77
SRI-PHC-3,28,86
SRI-PHC-3,29,93
SRI-PHC-3,30,110
SRI-PHC-3,31,113
SRI-PHC-3,32,104
SRI-PHC-3,33,54
SRI-PHC-3,34,70
SRI-PHC-3,35,121
SRI-PHC-3,36,116
SRI-PHC-3,37,122
SRI-PHC-3,38,116
SRI-PHC-3,39,200
SRI-PHC-3,40,68
SRI-PHC-3,41,90
SRI-PHC-3,42,113
SRI-PHC-3,43,93
SRI-PHC-3,44,77
SRI-PHC-3,45,95
SRI-PHC-3,46,66
SRI-PHC-3,47,61
SRI-PHC-3,48,69
SRI-PHC-3,49,72
SRI-PHC-3,50,59
SRI-PHC-3,51,82
SRI-PHC-3,52,76
SRI-PHC-3,53,89
SRI-PHC-3,54,70
SRI-PHC-3,55,60
SRI-PHC-3,56,79
SRI-PHC-3,57,60
SRI-PHC-3,58,88
SRI-PHC-3,59,95
SRI-PHC-3,60,104
SRI-PHC-3,61,74
SRI-PHC-3,62,68
SRI-PHC-3,63,95
SRI-PHC-3,64,117
SRI-PHC-3,65,110
SRI-PHC-3,66,106
SRI-PHC-3,67,119
SRI-PHC-3,68,81
SRI-PHC-3,69,63
SRI-PHC-3,70,86
SRI-PHC-3,71,107
SRI-PHC-3,72,197
SRI-PHC-3,73,105
SRI-PHC-3,74,84
SRI-PHC-3,75,65
SRI-PHC-3,76,56
SRI-PHC-3,77,87
SRI-PHC-3,78,86
SRI-PHC-3,79,86
SRI-PHC-3,80,94
SRI-PHC-3,81,85
SRI-PHC-3,82,54
SRI-PHC-3,83,41
SRI-PHC-3,84,91
SRI-PHC-3,85,76
SRI-PHC-3,86,106
SRI-PHC-3,87,87
SRI-PHC-3,88,93
SRI-PHC-3,89,49
SRI-PHC-4,0,58
SRI-PHC-4,1,50
SRI-PHC-4,2,53
SRI-PHC-4,3,65
SRI-PHC-4,4,54
SRI-PHC-4,5,59
SRI-PHC-4,6,47
SRI-PHC-4,7,52
SRI-PHC-4,8,64
SRI-PHC-4,9,70
SRI-PHC-4,10,70
SRI-PHC-4,11,65
SRI-PHC-4,12,33
SRI-PHC-4,13,43
SRI-PHC-4,14,63
SRI-PHC-4,15,62
SRI-PHC-4,16,55
SRI-PHC-4,17,56
SRI-PHC-4,18,52
SRI-PHC-4,19,39
SRI-PHC-4,20,42
SRI-PHC-4,21,45
SRI-PHC-4,22,47
SRI-PHC-4,23,42
SRI-PHC-4,24,53
SRI-PHC-4,25,53
SRI-PHC-4,26,21
SRI-PHC-4,27,22
SRI-PHC-4,28,57
SRI-PHC-4,29,51
SRI-PHC-4,30,61
SRI-PHC-4,31,60
SRI-PHC-4,32,59
SRI-PHC-4,33,46
SRI-PHC-4,34,48
SRI-PHC-4,35,58
SRI-PHC-4,36,75
SRI-PHC-4,37,73
SRI-PHC-4,38,71
SRI-PHC-4,39,64
SRI-PHC-4,40,46
SRI-PHC-4,41,43
SRI-PHC-4,42,51
SRI-PHC-4,43,59
SRI-PHC-4,44,59
SRI-PHC-4,45,62
SRI-PHC-4,46,58
SRI-PHC-4,47,36
SRI-PHC-4,48,28
SRI-PHC-4,49,51
SRI-PHC-4,50,49
SRI-PHC-4,51,50
SRI-PHC-4,52,47
SRI-PHC-4,53,43
SRI-PHC-4,54,65
SRI-PHC-4,55,37
SRI-PHC-4,56,36
SRI-PHC-4,57,61
SRI-PHC-4,58,52
SRI-PHC-4,59,64
SRI-PHC-4,60,51
SRI-PHC-4,61,45
SRI-PHC-4,62,36
SRI-PHC-4,63,66
SRI-PHC-4,64,62
SRI-PHC-4,65,55
SRI-PHC-4,66,68
SRI-PHC-4,67,106
SRI-PHC-4,68,43
SRI-PHC-4,69,49
SRI-PHC-4,70,68
SRI-PHC-4,71,60
SRI-PHC-4,72,65
SRI-PHC-4,73,57
SRI-PHC-4,74,56
SRI-PHC-4,75,44
SRI-PHC-4,76,45
SRI-PHC-4,77,50
SRI-PHC-4,78,51
SRI-PHC-4,79,51
SRI-PHC-4,80,50
SRI-PHC-4,81,37
SRI-PHC-4,82,31
SRI-PHC-4,83,43
SRI-PHC-4,84,32
SRI-PHC-4,85,90
SRI-PHC-4,86,49
SRI-PHC-4,87,63
SRI-PHC-4,88,56
SRI-PHC-4,89,32
ALLA-CHC-1,0,99
ALLA-CHC-1,1,97
ALLA-CHC-1,2,101
ALLA-CHC-1,3,115
ALLA-CHC-1,4,102
ALLA-CHC-1,5,73
ALLA-CHC-1,6,73
ALLA-CHC-1,7,103
ALLA-CHC-1,8,108
ALLA-CHC-1,9,109
ALLA-CHC-1,10,127
ALLA-CHC-1,11,99
ALLA-CHC-1,12,85
ALLA-CHC-1,13,72
ALLA-CHC-1,14,82
ALLA-CHC-1,15,90
ALLA-CHC-1,16,92
ALLA-CHC-1,17,88
ALLA-CHC-1,18,100
ALLA-CHC-1,19,51
ALLA-CHC-1,20,49
ALLA-CHC-1,21,70
ALLA-CHC-1,22,83
ALLA-CHC-1,23,74
ALLA-CHC-1,24,69
ALLA-CHC-1,25,82
ALLA-CHC-1,26,70
ALLA-CHC-1,27,57
ALLA-CHC-1,28,80
ALLA-CHC-1,29,56
ALLA-CHC-1,30,94
ALLA-CHC-1,31,98
ALLA-CHC-1,32,111
ALLA-CHC-1,33,73
ALLA-CHC-1,34,62
ALLA-CHC-1,35,94
ALLA-CHC-1,36,97
ALLA-CHC-1,37,98
ALLA-CHC-1,38,122
ALLA-CHC-1,39,87
ALLA-CHC-1,40,62
ALLA-CHC-1,41,58
ALLA-CHC-1,42,169
ALLA-CHC-1,43,91
ALLA-CHC-1,44,110
ALLA-CHC-1,45,107
ALLA-CHC-1,46,88
ALLA-CHC-1,47,60
ALLA-CHC-1,48,70
ALLA-CHC-1,49,80
ALLA-CHC-1,50,67
ALLA-CHC-1,51,79
ALLA-CHC-1,52,80
ALLA-CHC-1,53,75
ALLA-CHC-1,54,66
ALLA-CHC-1,55,65
ALLA-CHC-1,56,74
ALLA-CHC-1,57,88
ALLA-CHC-1,58,106
ALLA-CHC-1,59,100
ALLA-CHC-1,60,87
ALLA-CHC-1,61,66
ALLA-CHC-1,62,71
ALLA-CHC-1,63,111
ALLA-CHC-1,64,106
ALLA-CHC-1,65,118
ALLA-CHC-1,66,100
ALLA-CHC-1,67,101
ALLA-CHC-1,68,66
ALLA-CHC-1,69,89
ALLA-CHC-1,70,110
ALLA-CHC-1,71,119
ALLA-CHC-1,72,106
ALLA-CHC-1,73,93
ALLA-CHC-1,74,108
ALLA-CHC-1,75,74
ALLA-CHC-1,76,70
ALLA-CHC-1,77,75
ALLA-CHC-1,78,85
ALLA-CHC-1,79,63
ALLA-CHC-1,80,80
ALLA-CHC-1,81,75
ALLA-CHC-1,82,66
ALLA-CHC-1,83,65
ALLA-CHC-1,84,80
ALLA-CHC-1,85,74
ALLA-CHC-1,86,94
ALLA-CHC-1,87,86
ALLA-CHC-1,88,83
ALLA-CHC-1,89,54
ALLA-PHC-2,0,47
ALLA-PHC-2,1,50
ALLA-PHC-2,2,51
ALLA-PHC-2,3,69
ALLA-PHC-2,4,62
ALLA-PHC-2,5,43
ALLA-PHC-2,6,35
ALLA-PHC-2,7,47
ALLA-PHC-2,8,48
ALLA-PHC-2,9,80
ALLA-PHC-2,10,55
ALLA-PHC-2,11,50
ALLA-PHC-2,12,67
ALLA-PHC-2,13,43
ALLA-PHC-2,14,43
ALLA-PHC-2,15,69
ALLA-PHC-2,16,36
ALLA-PHC-2,17,43
ALLA-PHC-2,18,30
ALLA-PHC-2,19,31
ALLA-PHC-2,20,26
ALLA-PHC-2,21,56
ALLA-PHC-2,22,46
ALLA-PHC-2,23,40
ALLA-PHC-2,24,33
ALLA-PHC-2,25,70
ALLA-PHC-2,26,44
ALLA-PHC-2,27,39
ALLA-PHC-2,28,54
ALLA-PHC-2,29,55
ALLA-PHC-2,30,53
ALLA-PHC-2,31,48
ALLA-PHC-2,32,47
ALLA-PHC-2,33,30
ALLA-PHC-2,34,36
ALLA-PHC-2,35,57
ALLA-PHC-2,36,60
ALLA-PHC-2,37,64
ALLA-PHC-2,38,53
ALLA-PHC-2,39,55
ALLA-PHC-2,40,36
ALLA-PHC-2,41,55
ALLA-PHC-2,42,58
ALLA-PHC-2,43,55
ALLA-PHC-2,44,43
ALLA-PHC-2,45,36
ALLA-PHC-2,46,41
ALLA-PHC-2,47,35
ALLA-PHC-2,48,33
ALLA-PHC-2,49,48
ALLA-PHC-2,50,35
ALLA-PHC-2,51,47
ALLA-PHC-2,52,42
ALLA-PHC-2,53,46
ALLA-PHC-2,54,33
ALLA-PHC-2,55,35
ALLA-PHC-2,56,53
ALLA-PHC-2,57,44
ALLA-PHC-2,58,57
ALLA-PHC-2,59,50
ALLA-PHC-2,60,55
ALLA-PHC-2,61,27
ALLA-PHC-2,62,42
ALLA-PHC-2,63,67
ALLA-PHC-2,64,58
ALLA-PHC-2,65,52
ALLA-PHC-2,66,78
ALLA-PHC-2,67,69
ALLA-PHC-2,68,45
ALLA-PHC-2,69,52
ALLA-PHC-2,70,56
ALLA-PHC-2,71,66
ALLA-PHC-2,72,46
ALLA-PHC-2,73,55
ALLA-PHC-2,74,57
ALLA-PHC-2,75,37
ALLA-PHC-2,76,34
ALLA-PHC-2,77,43
ALLA-PHC-2,78,48
ALLA-PHC-2,79,45
ALLA-PHC-2,80,38
ALLA-PHC-2,81,57
ALLA-PHC-2,82,29
ALLA-PHC-2,83,42
ALLA-PHC-2,84,45
ALLA-PHC-2,85,46
ALLA-PHC-2,86,42
ALLA-PHC-2,87,59
ALLA-PHC-2,88,46
ALLA-PHC-2,89,31
ALLA-PHC-3,0,97
ALLA-PHC-3,1,111
ALLA-PHC-3,2,91
ALLA-PHC-3,3,90
ALLA-PHC-3,4,103
ALLA-PHC-3,5,67
ALLA-PHC-3,6,80
ALLA-PHC-3,7,99
ALLA-PHC-3,8,99
ALLA-PHC-3,9,96
ALLA-PHC-3,10,107
ALLA-PHC-3,11,96
ALLA-PHC-3,12,72
ALLA-PHC-3,13,72
ALLA-PHC-3,14,103
ALLA-PHC-3,15,96
ALLA-PHC-3,16,90
ALLA-PHC-3,17,89
ALLA-PHC-3,18,94
ALLA-PHC-3,19,52
ALLA-PHC-3,20,62
ALLA-PHC-3,21,86
ALLA-PHC-3,22,73
ALLA-PHC-3,23,71
ALLA-PHC-3,24,83
ALLA-PHC-3,25,86
ALLA-PHC-3,26,73
ALLA-PHC-3,27,56
ALLA-PHC-3,28,86
ALLA-PHC-3,29,103
ALLA-PHC-3,30,93
ALLA-PHC-3,31,115
ALLA-PHC-3,32,100
ALLA-PHC-3,33,70
ALLA-PHC-3,34,69
ALLA-PHC-3,35,105
ALLA-PHC-3,36,115
ALLA-PHC-3,37,107
ALLA-PHC-3,38,101
ALLA-PHC-3,39,120
ALLA-PHC-3,40,72
ALLA-PHC-3,41,71
ALLA-PHC-3,42,113
ALLA-PHC-3,43,132
ALLA-PHC-3,44,78
ALLA-PHC-3,45,86
ALLA-PHC-3,46,170
ALLA-PHC-3,47,55
ALLA-PHC-3,48,68
ALLA-PHC-3,49,78
ALLA-PHC-3,50,91
ALLA-PHC-3,51,79
ALLA-PHC-3,52,84
ALLA-PHC-3,53,79
ALLA-PHC-3,54,52
ALLA-PHC-3,55,45
ALLA-PHC-3,56,91
ALLA-PHC-3,57,154
ALLA-PHC-3,58,87
ALLA-PHC-3,59,91
ALLA-PHC-3,60,95
ALLA-PHC-3,61,79
ALLA-PHC-3,62,73
ALLA-PHC-3,63,79
ALLA-PHC-3,64,104
ALLA-PHC-3,65,103
ALLA-PHC-3,66,105
ALLA-PHC-3,67,104
ALLA-PHC-3,68,94
ALLA-PHC-3,69,70
ALLA-PHC-3,70,106
ALLA-PHC-3,71,105
ALLA-PHC-3,72,98
ALLA-PHC-3,73,83
ALLA-PHC-3,74,92
ALLA-PHC-3,75,78
ALLA-PHC-3,76,70
ALLA-PHC-3,77,91
ALLA-PHC-3,78,81
ALLA-PHC-3,79,88
ALLA-PHC-3,80,87
ALLA-PHC-3,81,103
ALLA-PHC-3,82,55
ALLA-PHC-3,83,67
ALLA-PHC-3,84,83
ALLA-PHC-3,85,92
ALLA-PHC-3,86,93
ALLA-PHC-3,87,93
ALLA-PHC-3,88,84
ALLA-PHC-3,89,58
ALLA-PHC-4,0,64
ALLA-PHC-4,1,71
ALLA-PHC-4,2,52
ALLA-PHC-4,3,72
ALLA-PHC-4,4,87
ALLA-PHC-4,5,51
ALLA-PHC-4,6,54
ALLA-PHC-4,7,83
ALLA-PHC-4,8,73
ALLA-PHC-4,9,83
ALLA-PHC-4,10,104
ALLA-PHC-4,11,80
ALLA-PHC-4,12,54
ALLA-PHC-4,13,39
ALLA-PHC-4,14,53
ALLA-PHC-4,15,68
ALLA-PHC-4,16,66
ALLA-PHC-4,17,61
ALLA-PHC-4,18,49
ALLA-PHC-4,19,42
ALLA-PHC-4,20,39
ALLA-PHC-4,21,59
ALLA-PHC-4,22,95
ALLA-PHC-4,23,61
ALLA-PHC-4,24,48
ALLA-PHC-4,25,56
ALLA-PHC-4,26,37
ALLA-PHC-4,27,33
ALLA-PHC-4,28,75
ALLA-PHC-4,29,59
ALLA-PHC-4,30,57
ALLA-PHC-4,31,69
ALLA-PHC-4,32,62
ALLA-PHC-4,33,51
ALLA-PHC-4,34,54
ALLA-PHC-4,35,89
ALLA-PHC-4,36,71
ALLA-PHC-4,37,128
ALLA-PHC-4,38,80
ALLA-PHC-4,39,78
ALLA-PHC-4,40,45
ALLA-PHC-4,41,58
ALLA-PHC-4,42,66
ALLA-PHC-4,43,70
ALLA-PHC-4,44,80
ALLA-PHC-4,45,74
ALLA-PHC-4,46,76
ALLA-PHC-4,47,49
ALLA-PHC-4,48,45
ALLA-PHC-4,49,65
ALLA-PHC-4,50,50
ALLA-PHC-4,51,44
ALLA-PHC-4,52,56
ALLA-PHC-4,53,59
ALLA-PHC-4,54,34
ALLA-PHC-4,55,40
ALLA-PHC-4,56,67
ALLA-PHC-4,57,53
ALLA-PHC-4,58,58
ALLA-PHC-4,59,75
ALLA-PHC-4,60,62
ALLA-PHC-4,61,60
ALLA-PHC-4,62,46
ALLA-PHC-4,63,64
ALLA-PHC-4,64,76
ALLA-PHC-4,65,68
ALLA-PHC-4,66,77
ALLA-PHC-4,67,70
ALLA-PHC-4,68,52
ALLA-PHC-4,69,48
ALLA-PHC-4,70,87
ALLA-PHC-4,71,75
ALLA-PHC-4,72,68
ALLA-PHC-4,73,63
ALLA-PHC-4,74,55
ALLA-PHC-4,75,39
ALLA-PHC-4,76,37
ALLA-PHC-4,77,65
ALLA-PHC-4,78,56
ALLA-PHC-4,79,54
ALLA-PHC-4,80,61
ALLA-PHC-4,81,69
ALLA-PHC-4,82,28
ALLA-PHC-4,83,39
ALLA-PHC-4,84,58
ALLA-PHC-4,85,46
ALLA-PHC-4,86,62
ALLA-PHC-4,87,64
ALLA-PHC-4,88,36
ALLA-PHC-4,89,42
SHIM-CHC-1,0,80
SHIM-CHC-1,1,83
SHIM-CHC-1,2,105
SHIM-CHC-1,3,83
SHIM-CHC-1,4,105
SHIM-CHC-1,5,72
SHIM-CHC-1,6,75
SHIM-CHC-1,7,102
SHIM-CHC-1,8,115
SHIM-CHC-1,9,119
SHIM-CHC-1,10,91
SHIM-CHC-1,11,112
SHIM-CHC-1,12,71
SHIM-CHC-1,13,82
SHIM-CHC-1,14,88
SHIM-CHC-1,15,76
SHIM-CHC-1,16,85
SHIM-CHC-1,17,147
SHIM-CHC-1,18,84
SHIM-CHC-1,19,60
SHIM-CHC-1,20,48
SHIM-CHC-1,21,92
SHIM-CHC-1,22,84
SHIM-CHC-1,23,91
SHIM-CHC-1,24,89
SHIM-CHC-1,25,82
SHIM-CHC-1,26,58
SHIM-CHC-1,27,67
SHIM-CHC-1,28,86
SHIM-CHC-1,29,83
SHIM-CHC-1,30,118
SHIM-CHC-1,31,79
SHIM-CHC-1,32,96
SHIM-CHC-1,33,64
SHIM-CHC-1,34,71
SHIM-CHC-1,35,118
SHIM-CHC-1,36,80
SHIM-CHC-1,37,101
SHIM-CHC-1,38,108
SHIM-CHC-1,39,120
SHIM-CHC-1,40,77
SHIM-CHC-1,41,90
SHIM-CHC-1,42,109
SHIM-CHC-1,43,122
SHIM-CHC-1,44,83
SHIM-CHC-1,45,113
SHIM-CHC-1,46,160
SHIM-CHC-1,47,66
SHIM-CHC-1,48,44
SHIM-CHC-1,49,69
SHIM-CHC-1,50,84
SHIM-CHC-1,51,82
SHIM-CHC-1,52,87
SHIM-CHC-1,53,81
SHIM-CHC-1,54,59
SHIM-CHC-1,55,51
SHIM-CHC-1,56,94
SHIM-CHC-1,57,100
SHIM-CHC-1,58,86
SHIM-CHC-1,59,82
SHIM-CHC-1,60,90
SHIM-CHC-1,61,64
SHIM-CHC-1,62,69
SHIM-CHC-1,63,108
SHIM-CHC-1,64,198
SHIM-CHC-1,65,109
SHIM-CHC-1,66,98
SHIM-CHC-1,67,103
SHIM-CHC-1,68,59
SHIM-CHC-1,69,79
SHIM-CHC-1,70,114
SHIM-CHC-1,71,101
SHIM-CHC-1,72,115
SHIM-CHC-1,73,102
SHIM-CHC-1,74,92
SHIM-CHC-1,75,74
SHIM-CHC-1,76,64
SHIM-CHC-1,77,93
SHIM-CHC-1,78,87
SHIM-CHC-1,79,83
SHIM-CHC-1,80,63
SHIM-CHC-1,81,74
SHIM-CHC-1,82,62
SHIM-CHC-1,83,68
SHIM-CHC-1,84,71
SHIM-CHC-1,85,79
SHIM-CHC-1,86,74
SHIM-CHC-1,87,81
SHIM-CHC-1,88,97
SHIM-CHC-1,89,65
SHIM-PHC-2,0,90
SHIM-PHC-2,1,43
SHIM-PHC-2,2,47
SHIM-PHC-2,3,46
SHIM-PHC-2,4,53
SHIM-PHC-2,5,36
SHIM-PHC-2,6,32
SHIM-PHC-2,7,49
SHIM-PHC-2,8,54
SHIM-PHC-2,9,50
SHIM-PHC-2,10,57
SHIM-PHC-2,11,49
SHIM-PHC-2,12,37
SHIM-PHC-2,13,40
SHIM-PHC-2,14,49
SHIM-PHC-2,15,52
SHIM-PHC-2,16,36
SHIM-PHC-2,17,46
SHIM-PHC-2,18,53
SHIM-PHC-2,19,37
SHIM-PHC-2,20,38
SHIM-PHC-2,21,45
SHIM-PHC-2,22,43
SHIM-PHC-2,23,35
SHIM-PHC-2,24,43
SHIM-PHC-2,25,39
SHIM-PHC-2,26,31
SHIM-PHC-2,27,27
SHIM-PHC-2,28,54
SHIM-PHC-2,29,47
SHIM-PHC-2,30,56
SHIM-PHC-2,31,50
SHIM-PHC-2,32,51
SHIM-PHC-2,33,39
SHIM-PHC-2,34,44
SHIM-PHC-2,35,43
SHIM-PHC-2,36,44
SHIM-PHC-2,37,50
SHIM-PHC-2,38,58
SHIM-PHC-2,39,59
SHIM-PHC-2,40,38
SHIM-PHC-2,41,29
SHIM-PHC-2,42,53
SHIM-PHC-2,43,50
SHIM-PHC-2,44,51
SHIM-PHC-2,45,48
SHIM-PHC-2,46,45
SHIM-PHC-2,47,27
SHIM-PHC-2,48,32
SHIM-PHC-2,49,40
SHIM-PHC-2,50,47
SHIM-PHC-2,51,36
SHIM-PHC-2,52,36
SHIM-PHC-2,53,39
SHIM-PHC-2,54,29
SHIM-PHC-2,55,23
SHIM-PHC-2,56,36
SHIM-PHC-2,57,44
SHIM-PHC-2,58,45
SHIM-PHC-2,59,51
SHIM-PHC-2,60,46
SHIM-PHC-2,61,31
SHIM-PHC-2,62,37
SHIM-PHC-2,63,54
SHIM-PHC-2,64,69
SHIM-PHC-2,65,59
SHIM-PHC-2,66,60
SHIM-PHC-2,67,53
SHIM-PHC-2,68,39
SHIM-PHC-2,69,34
SHIM-PHC-2,70,55
SHIM-PHC-2,71,52
SHIM-PHC-2,72,58
SHIM-PHC-2,73,60
SHIM-PHC-2,74,55
SHIM-PHC-2,75,21
SHIM-PHC-2,76,41
SHIM-PHC-2,77,43
SHIM-PHC-2,78,40
SHIM-PHC-2,79,43
SHIM-PHC-2,80,38
SHIM-PHC-2,81,34
SHIM-PHC-2,82,24
SHIM-PHC-2,83,28
SHIM-PHC-2,84,39
SHIM-PHC-2,85,47
SHIM-PHC-2,86,41
SHIM-PHC-2,87,44
SHIM-PHC-2,88,38
SHIM-PHC-2,89,30
SHIM-PHC-3,0,43
SHIM-PHC-3,1,49
SHIM-PHC-3,2,67
SHIM-PHC-3,3,52
SHIM-PHC-3,4,63
SHIM-PHC-3,5,44
SHIM-PHC-3,6,39
SHIM-PHC-3,7,54
SHIM-PHC-3,8,59
SHIM-PHC-3,9,79
SHIM-PHC-3,10,67
SHIM-PHC-3,11,62
SHIM-PHC-3,12,42
SHIM-PHC-3,13,42
SHIM-PHC-3,14,48
SHIM-PHC-3,15,49
SHIM-PHC-3,16,40
SHIM-PHC-3,17,55
SHIM-PHC-3,18,56
SHIM-PHC-3,19,36
SHIM-PHC-3,20,37
SHIM-PHC-3,21,44
SHIM-PHC-3,22,41
SHIM-PHC-3,23,38
SHIM-PHC-3,24,44
SHIM-PHC-3,25,46
SHIM-PHC-3,26,28
SHIM-PHC-3,27,42
SHIM-PHC-3,28,47
SHIM-PHC-3,29,54
SHIM-PHC-3,30,47
SHIM-PHC-3,31,66
SHIM-PHC-3,32,67
SHIM-PHC-3,33,53
SHIM-PHC-3,34,44
SHIM-PHC-3,35,60
SHIM-PHC-3,36,53
SHIM-PHC-3,37,55
SHIM-PHC-3,38,54
SHIM-PHC-3,39,58
SHIM-PHC-3,40,42
SHIM-PHC-3,41,42
SHIM-PHC-3,42,45
SHIM-PHC-3,43,59
SHIM-PHC-3,44,65
SHIM-PHC-3,45,50
SHIM-PHC-3,46,50
SHIM-PHC-3,47,30
SHIM-PHC-3,48,35
SHIM-PHC-3,49,59
SHIM-PHC-3,50,49
SHIM-PHC-3,51,43
SHIM-PHC-3,52,42
SHIM-PHC-3,53,49
SHIM-PHC-3,54,26
SHIM-PHC-3,55,30
SHIM-PHC-3,56,50
SHIM-PHC-3,57,59
SHIM-PHC-3,58,106
SHIM-PHC-3,59,32
SHIM-PHC-3,60,62
SHIM-PHC-3,61,44
SHIM-PHC-3,62,33
SHIM-PHC-3,63,60
SHIM-PHC-3,64,59
SHIM-PHC-3,65,55
SHIM-PHC-3,66,72
SHIM-PHC-3,67,59
SHIM-PHC-3,68,42
SHIM-PHC-3,69,35
SHIM-PHC-3,70,63
SHIM-PHC-3,71,118
SHIM-PHC-3,72,61
SHIM-PHC-3,73,59
SHIM-PHC-3,74,68
SHIM-PHC-3,75,32
SHIM-PHC-3,76,45
SHIM-PHC-3,77,60
SHIM-PHC-3,78,45
SHIM-PHC-3,79,52
SHIM-PHC-3,80,54
SHIM-PHC-3,81,46
SHIM-PHC-3,82,38
SHIM-PHC-3,83,28
SHIM-PHC-3,84,49
SHIM-PHC-3,85,46
SHIM-PHC-3,86,39
SHIM-PHC-3,87,42
SHIM-PHC-3,88,49
SHIM-PHC-3,89,34
SHIM-PHC-4,0,75
SHIM-PHC-4,1,63
SHIM-PHC-4,2,82
SHIM-PHC-4,3,78
SHIM-PHC-4,4,89
SHIM-PHC-4,5,55
SHIM-PHC-4,6,69
SHIM-PHC-4,7,88
SHIM-PHC-4,8,82
SHIM-PHC-4,9,74
SHIM-PHC-4,10,83
SHIM-PHC-4,11,79
SHIM-PHC-4,12,59
SHIM-PHC-4,13,42
SHIM-PHC-4,14,121
SHIM-PHC-4,15,73
SHIM-PHC-4,16,70
SHIM-PHC-4,17,68
SHIM-PHC-4,18,57
SHIM-PHC-4,19,38
SHIM-PHC-4,20,49
SHIM-PHC-4,21,65
SHIM-PHC-4,22,50
SHIM-PHC-4,23,56
SHIM-PHC-4,24,50
SHIM-PHC-4,25,73
SHIM-PHC-4,26,50
SHIM-PHC-4,27,49
SHIM-PHC-4,28,52
SHIM-PHC-4,29,84
SHIM-PHC-4,30,82
SHIM-PHC-4,31,66
SHIM-PHC-4,32,84
SHIM-PHC-4,33,68
SHIM-PHC-4,34,43
SHIM-PHC-4,35,75
SHIM-PHC-4,36,78
SHIM-PHC-4,37,83
SHIM-PHC-4,38,79
SHIM-PHC-4,39,85
SHIM-PHC-4,40,55
SHIM-PHC-4,41,51
SHIM-PHC-4,42,77
SHIM-PHC-4,43,65
SHIM-PHC-4,44,89
SHIM-PHC-4,45,119
SHIM-PHC-4,46,71
SHIM-PHC-4,47,56
SHIM-PHC-4,48,39
SHIM-PHC-4,49,76
SHIM-PHC-4,50,64
SHIM-PHC-4,51,73
SHIM-PHC-4,52,56
SHIM-PHC-4,53,52
SHIM-PHC-4,54,38
SHIM-PHC-4,55,39
SHIM-PHC-4,56,61
SHIM-PHC-4,57,70
SHIM-PHC-4,58,59
SHIM-PHC-4,59,84
SHIM-PHC-4,60,82
SHIM-PHC-4,61,60
SHIM-PHC-4,62,55
SHIM-PHC-4,63,135
SHIM-PHC-4,64,75
SHIM-PHC-4,65,85
SHIM-PHC-4,66,85
SHIM-PHC-4,67,102
SHIM-PHC-4,68,59
SHIM-PHC-4,69,55
SHIM-PHC-4,70,84
SHIM-PHC-4,71,83
SHIM-PHC-4,72,74
SHIM-PHC-4,73,83
SHIM-PHC-4,74,59
SHIM-PHC-4,75,41
SHIM-PHC-4,76,46
SHIM-PHC-4,77,82
SHIM-PHC-4,78,49
SHIM-PHC-4,79,73
SHIM-PHC-4,80,74
SHIM-PHC-4,81,59
SHIM-PHC-4,82,34
SHIM-PHC-4,83,41
SHIM-PHC-4,84,55
SHIM-PHC-4,85,63
SHIM-PHC-4,86,66
SHIM-PHC-4,87,56
SHIM-PHC-4,88,69
SHIM-PHC-4,89,38
UTTA-CHC-1,0,60
UTTA-CHC-1,1,50
UTTA-CHC-1,2,66
UTTA-CHC-1,3,68
UTTA-CHC-1,4,54
UTTA-CHC-1,5,43
UTTA-CHC-1,6,39
UTTA-CHC-1,7,63
UTTA-CHC-1,8,60
UTTA-CHC-1,9,72
UTTA-CHC-1,10,73
UTTA-CHC-1,11,69
UTTA-CHC-1,12,48
UTTA-CHC-1,13,47
UTTA-CHC-1,14,48
UTTA-CHC-1,15,46
UTTA-CHC-1,16,64
UTTA-CHC-1,17,51
UTTA-CHC-1,18,53
UTTA-CHC-1,19,25
UTTA-CHC-1,20,37
UTTA-CHC-1,21,49
UTTA-CHC-1,22,56
UTTA-CHC-1,23,44
UTTA-CHC-1,24,52
UTTA-CHC-1,25,64
UTTA-CHC-1,26,23
UTTA-CHC-1,27,44
UTTA-CHC-1,28,47
UTTA-CHC-1,29,54
UTTA-CHC-1,30,71
UTTA-CHC-1,31,52
UTTA-CHC-1,32,58
UTTA-CHC-1,33,48
UTTA-CHC-1,34,49
UTTA-CHC-1,35,67
UTTA-CHC-1,36,74
UTTA-CHC-1,37,64
UTTA-CHC-1,38,68
UTTA-CHC-1,39,64
UTTA-CHC-1,40,51
UTTA-CHC-1,41,54
UTTA-CHC-1,42,61
UTTA-CHC-1,43,58
UTTA-CHC-1,44,63
UTTA-CHC-1,45,49
UTTA-CHC-1,46,72
UTTA-CHC-1,47,34
UTTA-CHC-1,48,37
UTTA-CHC-1,49,59
UTTA-CHC-1,50,39
UTTA-CHC-1,51,60
UTTA-CHC-1,52,48
UTTA-CHC-1,53,52
UTTA-CHC-1,54,38
UTTA-CHC-1,55,28
UTTA-CHC-1,56,43
UTTA-CHC-1,57,53
UTTA-CHC-1,58,43
UTTA-CHC-1,59,64
UTTA-CHC-1,60,60
UTTA-CHC-1,61,39
UTTA-CHC-1,62,43
UTTA-CHC-1,63,57
UTTA-CHC-1,64,64
UTTA-CHC-1,65,78
UTTA-CHC-1,66,99
UTTA-CHC-1,67,78
UTTA-CHC-1,68,48
UTTA-CHC-1,69,37
UTTA-CHC-1,70,84
UTTA-CHC-1,71,64
UTTA-CHC-1,72,60
UTTA-CHC-1,73,46
UTTA-CHC-1,74,58
UTTA-CHC-1,75,49
UTTA-CHC-1,76,34
UTTA-CHC-1,77,64
UTTA-CHC-1,78,64
UTTA-CHC-1,79,50
UTTA-CHC-1,80,44
UTTA-CHC-1,81,45
UTTA-CHC-1,82,31
UTTA-CHC-1,83,42
UTTA-CHC-1,84,52
UTTA-CHC-1,85,48
UTTA-CHC-1,86,64
UTTA-CHC-1,87,39
UTTA-CHC-1,88,55
UTTA-CHC-1,89,42
UTTA-PHC-2,0,55
UTTA-PHC-2,1,67
UTTA-PHC-2,2,82
UTTA-PHC-2,3,84
UTTA-PHC-2,4,91
UTTA-PHC-2,5,65
UTTA-PHC-2,6,44
UTTA-PHC-2,7,80
UTTA-PHC-2,8,91
UTTA-PHC-2,9,65
UTTA-PHC-2,10,87
UTTA-PHC-2,11,94
UTTA-PHC-2,12,57
UTTA-PHC-2,13,62
UTTA-PHC-2,14,77
UTTA-PHC-2,15,76
UTTA-PHC-2,16,66
UTTA-PHC-2,17,57
UTTA-PHC-2,18,61
UTTA-PHC-2,19,40
UTTA-PHC-2,20,46
UTTA-PHC-2,21,57
UTTA-PHC-2,22,71
UTTA-PHC-2,23,72
UTTA-PHC-2,24,84
UTTA-PHC-2,25,62
UTTA-PHC-2,26,49
UTTA-PHC-2,27,44
UTTA-PHC-2,28,74
UTTA-PHC-2,29,80
UTTA-PHC-2,30,74
UTTA-PHC-2,31,78
UTTA-PHC-2,32,83
UTTA-PHC-2,33,49
UTTA-PHC-2,34,77
UTTA-PHC-2,35,84
UTTA-PHC-2,36,81
UTTA-PHC-2,37,90
UTTA-PHC-2,38,82
UTTA-PHC-2,39,80
UTTA-PHC-2,40,62
UTTA-PHC-2,41,63
UTTA-PHC-2,42,79
UTTA-PHC-2,43,61
UTTA-PHC-2,44,57
UTTA-PHC-2,45,83
UTTA-PHC-2,46,71
UTTA-PHC-2,47,52
UTTA-PHC-2,48,44
UTTA-PHC-2,49,72
UTTA-PHC-2,50,63
UTTA-PHC-2,51,54
UTTA-PHC-2,52,65
UTTA-PHC-2,53,62
UTTA-PHC-2,54,36
UTTA-PHC-2,55,40
UTTA-PHC-2,56,70
UTTA-PHC-2,57,74
UTTA-PHC-2,58,85
UTTA-PHC-2,59,61
UTTA-PHC-2,60,74
UTTA-PHC-2,61,58
UTTA-PHC-2,62,57
UTTA-PHC-2,63,93
UTTA-PHC-2,64,63
UTTA-PHC-2,65,85
UTTA-PHC-2,66,80
UTTA-PHC-2,67,77
UTTA-PHC-2,68,54
UTTA-PHC-2,69,55
UTTA-PHC-2,70,71
UTTA-PHC-2,71,82
UTTA-PHC-2,72,82
UTTA-PHC-2,73,65
UTTA-PHC-2,74,70
UTTA-PHC-2,75,45
UTTA-PHC-2,76,47
UTTA-PHC-2,77,73
UTTA-PHC-2,78,79
UTTA-PHC-2,79,68
UTTA-PHC-2,80,63
UTTA-PHC-2,81,59
UTTA-PHC-2,82,46
UTTA-PHC-2,83,52
UTTA-PHC-2,84,81
UTTA-PHC-2,85,54
UTTA-PHC-2,86,66
UTTA-PHC-2,87,66
UTTA-PHC-2,88,82
UTTA-PHC-2,89,47
UTTA-PHC-3,0,69
UTTA-PHC-3,1,77
UTTA-PHC-3,2,63
UTTA-PHC-3,3,76
UTTA-PHC-3,4,75
UTTA-PHC-3,5,72
UTTA-PHC-3,6,46
UTTA-PHC-3,7,84
UTTA-PHC-3,8,86
UTTA-PHC-3,9,86
UTTA-PHC-3,10,84
UTTA-PHC-3,11,78
UTTA-PHC-3,12,55
UTTA-PHC-3,13,53
UTTA-PHC-3,14,84
UTTA-PHC-3,15,66
UTTA-PHC-3,16,80
UTTA-PHC-3,17,62
UTTA-PHC-3,18,68
UTTA-PHC-3,19,43
UTTA-PHC-3,20,43
UTTA-PHC-3,21,55
UTTA-PHC-3,22,68
UTTA-PHC-3,23,62
UTTA-PHC-3,24,71
UTTA-PHC-3,25,77
UTTA-PHC-3,26,61
UTTA-PHC-3,27,48
UTTA-PHC-3,28,68
UTTA-PHC-3,29,71
UTTA-PHC-3,30,64
UTTA-PHC-3,31,73
UTTA-PHC-3,32,83
UTTA-PHC-3,33,46
UTTA-PHC-3,34,60
UTTA-PHC-3,35,84
UTTA-PHC-3,36,59
UTTA-PHC-3,37,98
UTTA-PHC-3,38,82
UTTA-PHC-3,39,78
UTTA-PHC-3,40,51
UTTA-PHC-3,41,54
UTTA-PHC-3,42,114
UTTA-PHC-3,43,94
UTTA-PHC-3,44,77
UTTA-PHC-3,45,64
UTTA-PHC-3,46,88
UTTA-PHC-3,47,48
UTTA-PHC-3,48,46
UTTA-PHC-3,49,62
UTTA-PHC-3,50,65
UTTA-PHC-3,51,58
UTTA-PHC-3,52,36
UTTA-PHC-3,53,40
UTTA-PHC-3,54,43
UTTA-PHC-3,55,40
UTTA-PHC-3,56,45
UTTA-PHC-3,57,62
UTTA-PHC-3,58,60
UTTA-PHC-3,59,73
UTTA-PHC-3,60,82
UTTA-PHC-3,61,50
UTTA-PHC-3,62,53
UTTA-PHC-3,63,81
UTTA-PHC-3,64,80
UTTA-PHC-3,65,94
UTTA-PHC-3,66,110
UTTA-PHC-3,67,80
UTTA-PHC-3,68,40
UTTA-PHC-3,69,54
UTTA-PHC-3,70,87
UTTA-PHC-3,71,89
UTTA-PHC-3,72,66
UTTA-PHC-3,73,66
UTTA-PHC-3,74,68
UTTA-PHC-3,75,37
UTTA-PHC-3,76,50
UTTA-PHC-3,77,54
UTTA-PHC-3,78,65
UTTA-PHC-3,79,58
UTTA-PHC-3,80,57
UTTA-PHC-3,81,65
UTTA-PHC-3,82,37
UTTA-PHC-3,83,45
UTTA-PHC-3,84,53
UTTA-PHC-3,85,66
UTTA-PHC-3,86,55
UTTA-PHC-3,87,58
UTTA-PHC-3,88,70
UTTA-PHC-3,89,57
UTTA-PHC-4,0,76
UTTA-PHC-4,1,70
UTTA-PHC-4,2,86
UTTA-PHC-4,3,76
UTTA-PHC-4,4,74
UTTA-PHC-4,5,61
UTTA-PHC-4,6,71
UTTA-PHC-4,7,103
UTTA-PHC-4,8,65
UTTA-PHC-4,9,76
UTTA-PHC-4,10,69
UTTA-PHC-4,11,73
UTTA-PHC-4,12,51
UTTA-PHC-4,13,44
UTTA-PHC-4,14,71
UTTA-PHC-4,15,62
UTTA-PHC-4,16,68
UTTA-PHC-4,17,69
UTTA-PHC-4,18,82
UTTA-PHC-4,19,31
UTTA-PHC-4,20,41
UTTA-PHC-4,21,70
UTTA-PHC-4,22,58
UTTA-PHC-4,23,56
UTTA-PHC-4,24,73
UTTA-PHC-4,25,53
UTTA-PHC-4,26,38
UTTA-PHC-4,27,43
UTTA-PHC-4,28,69
UTTA-PHC-4,29,68
UTTA-PHC-4,30,84
UTTA-PHC-4,31,80
UTTA-PHC-4,32,85
UTTA-PHC-4,33,48
UTTA-PHC-4,34,53
UTTA-PHC-4,35,82
UTTA-PHC-4,36,80
UTTA-PHC-4,37,94
UTTA-PHC-4,38,82
UTTA-PHC-4,39,83
UTTA-PHC-4,40,34
UTTA-PHC-4,41,56
UTTA-PHC-4,42,86
UTTA-PHC-4,43,90
UTTA-PHC-4,44,91
UTTA-PHC-4,45,63
UTTA-PHC-4,46,77
UTTA-PHC-4,47,42
UTTA-PHC-4,48,27
UTTA-PHC-4,49,52
UTTA-PHC-4,50,69
UTTA-PHC-4,51,62
UTTA-PHC-4,52,67
UTTA-PHC-4,53,67
UTTA-PHC-4,54,38
UTTA-PHC-4,55,45
UTTA-PHC-4,56,56
UTTA-PHC-4,57,62
UTTA-PHC-4,58,74
UTTA-PHC-4,59,58
UTTA-PHC-4,60,67
UTTA-PHC-4,61,52
UTTA-PHC-4,62,54
UTTA-PHC-4,63,78
UTTA-PHC-4,64,90
UTTA-PHC-4,65,85
UTTA-PHC-4,66,62
UTTA-PHC-4,67,65
UTTA-PHC-4,68,59
UTTA-PHC-4,69,54
UTTA-PHC-4,70,72
UTTA-PHC-4,71,79
UTTA-PHC-4,72,89
UTTA-PHC-4,73,73
UTTA-PHC-4,74,72
UTTA-PHC-4,75,49
UTTA-PHC-4,76,43
UTTA-PHC-4,77,56
UTTA-PHC-4,78,70
UTTA-PHC-4,79,61
UTTA-PHC-4,80,87
UTTA-PHC-4,81,68
UTTA-PHC-4,82,41
UTTA-PHC-4,83,41
UTTA-PHC-4,84,50
UTTA-PHC-4,85,53
UTTA-PHC-4,86,86
UTTA-PHC-4,87,65
UTTA-PHC-4,88,66
UTTA-PHC-4,89,47
KOZH-CHC-1,0,61
KOZH-CHC-1,1,68
KOZH-CHC-1,2,80
KOZH-CHC-1,3,61
KOZH-CHC-1,4,73
KOZH-CHC-1,5,56
KOZH-CHC-1,6,55
KOZH-CHC-1,7,86
KOZH-CHC-1,8,77
KOZH-CHC-1,9,81
KOZH-CHC-1,10,91
KOZH-CHC-1,11,72
KOZH-CHC-1,12,43
KOZH-CHC-1,13,53
KOZH-CHC-1,14,73
KOZH-CHC-1,15,60
KOZH-CHC-1,16,64
KOZH-CHC-1,17,80
KOZH-CHC-1,18,54
KOZH-CHC-1,19,36
KOZH-CHC-1,20,39
KOZH-CHC-1,21,61
KOZH-CHC-1,22,52
KOZH-CHC-1,23,58
KOZH-CHC-1,24,64
KOZH-CHC-1,25,57
KOZH-CHC-1,26,38
KOZH-CHC-1,27,39
KOZH-CHC-1,28,58
KOZH-CHC-1,29,71
KOZH-CHC-1,30,72
KOZH-CHC-1,31,60
KOZH-CHC-1,32,72
KOZH-CHC-1,33,45
KOZH-CHC-1,34,50
KOZH-CHC-1,35,69
KOZH-CHC-1,36,77
KOZH-CHC-1,37,82
KOZH-CHC-1,38,84
KOZH-CHC-1,39,82
KOZH-CHC-1,40,55
KOZH-CHC-1,41,54
KOZH-CHC-1,42,85
KOZH-CHC-1,43,68
KOZH-CHC-1,44,68
KOZH-CHC-1,45,73
KOZH-CHC-1,46,79
KOZH-CHC-1,47,40
KOZH-CHC-1,48,36
KOZH-CHC-1,49,62
KOZH-CHC-1,50,62
KOZH-CHC-1,51,61
KOZH-CHC-1,52,54
KOZH-CHC-1,53,54
KOZH-CHC-1,54,34
KOZH-CHC-1,55,48
KOZH-CHC-1,56,56
KOZH-CHC-1,57,67
KOZH-CHC-1,58,72
KOZH-CHC-1,59,66
KOZH-CHC-1,60,67
KOZH-CHC-1,61,35
KOZH-CHC-1,62,41
KOZH-CHC-1,63,79
KOZH-CHC-1,64,68
KOZH-CHC-1,65,80
KOZH-CHC-1,66,81
KOZH-CHC-1,67,68
KOZH-CHC-1,68,55
KOZH-CHC-1,69,46
KOZH-CHC-1,70,93
KOZH-CHC-1,71,80
KOZH-CHC-1,72,73
KOZH-CHC-1,73,94
KOZH-CHC-1,74,63
KOZH-CHC-1,75,48
KOZH-CHC-1,76,49
KOZH-CHC-1,77,60
KOZH-CHC-1,78,57
KOZH-CHC-1,79,64
KOZH-CHC-1,80,55
KOZH-CHC-1,81,50
KOZH-CHC-1,82,38
KOZH-CHC-1,83,41
KOZH-CHC-1,84,61
KOZH-CHC-1,85,69
KOZH-CHC-1,86,56
KOZH-CHC-1,87,56
KOZH-CHC-1,88,99
KOZH-CHC-1,89,39
KOZH-PHC-2,0,88
KOZH-PHC-2,1,101
KOZH-PHC-2,2,87
KOZH-PHC-2,3,73
KOZH-PHC-2,4,88
KOZH-PHC-2,5,61
KOZH-PHC-2,6,78
KOZH-PHC-2,7,89
KOZH-PHC-2,8,97
KOZH-PHC-2,9,100
KOZH-PHC-2,10,93
KOZH-PHC-2,11,104
KOZH-PHC-2,12,71
KOZH-PHC-2,13,64
KOZH-PHC-2,14,92
KOZH-PHC-2,15,81
KOZH-PHC-2,16,90
KOZH-PHC-2,17,80
KOZH-PHC-2,18,85
KOZH-PHC-2,19,41
KOZH-PHC-2,20,44
KOZH-PHC-2,21,72
KOZH-PHC-2,22,60
KOZH-PHC-2,23,85
KOZH-PHC-2,24,68
KOZH-PHC-2,25,72
KOZH-PHC-2,26,54
KOZH-PHC-2,27,70
KOZH-PHC-2,28,85
KOZH-PHC-2,29,73
KOZH-PHC-2,30,93
KOZH-PHC-2,31,90
KOZH-PHC-2,32,86
KOZH-PHC-2,33,59
KOZH-PHC-2,34,70
KOZH-PHC-2,35,73
KOZH-PHC-2,36,101
KOZH-PHC-2,37,85
KOZH-PHC-2,38,86
KOZH-PHC-2,39,98
KOZH-PHC-2,40,69
KOZH-PHC-2,41,83
KOZH-PHC-2,42,78
KOZH-PHC-2,43,77
KOZH-PHC-2,44,92
KOZH-PHC-2,45,82
KOZH-PHC-2,46,79
KOZH-PHC-2,47,44
KOZH-PHC-2,48,55
KOZH-PHC-2,49,75
KOZH-PHC-2,50,69
KOZH-PHC-2,51,80
KOZH-PHC-2,52,72
KOZH-PHC-2,53,72
KOZH-PHC-2,54,52
KOZH-PHC-2,55,60
KOZH-PHC-2,56,78
KOZH-PHC-2,57,128
KOZH-PHC-2,58,81
KOZH-PHC-2,59,66
KOZH-PHC-2,60,100
KOZH-PHC-2,61,60
KOZH-PHC-2,62,55
KOZH-PHC-2,63,103
KOZH-PHC-2,64,91
KOZH-PHC-2,65,95
KOZH-PHC-2,66,109
KOZH-PHC-2,67,104
KOZH-PHC-2,68,71
KOZH-PHC-2,69,79
KOZH-PHC-2,70,97
KOZH-PHC-2,71,91
KOZH-PHC-2,72,160
KOZH-PHC-2,73,111
KOZH-PHC-2,74,97
KOZH-PHC-2,75,56
KOZH-PHC-2,76,59
KOZH-PHC-2,77,113
KOZH-PHC-2,78,67
KOZH-PHC-2,79,65
KOZH-PHC-2,80,84
KOZH-PHC-2,81,70
KOZH-PHC-2,82,56
KOZH-PHC-2,83,56
KOZH-PHC-2,84,88
KOZH-PHC-2,85,78
KOZH-PHC-2,86,61
KOZH-PHC-2,87,75
KOZH-PHC-2,88,85
KOZH-PHC-2,89,48
KOZH-PHC-3,0,59
KOZH-PHC-3,1,58
KOZH-PHC-3,2,72
KOZH-PHC-3,3,56
KOZH-PHC-3,4,63
KOZH-PHC-3,5,63
KOZH-PHC-3,6,48
KOZH-PHC-3,7,74
KOZH-PHC-3,8,66
KOZH-PHC-3,9,79
KOZH-PHC-3,10,132
KOZH-PHC-3,11,76
KOZH-PHC-3,12,49
KOZH-PHC-3,13,42
KOZH-PHC-3,14,65
KOZH-PHC-3,15,51
KOZH-PHC-3,16,65
KOZH-PHC-3,17,60
KOZH-PHC-3,18,64
KOZH-PHC-3,19,44
KOZH-PHC-3,20,37
KOZH-PHC-3,21,53
KOZH-PHC-3,22,56
KOZH-PHC-3,23,49
KOZH-PHC-3,24,54
KOZH-PHC-3,25,69
KOZH-PHC-3,26,44
KOZH-PHC-3,27,30
KOZH-PHC-3,28,73
KOZH-PHC-3,29,59
KOZH-PHC-3,30,55
KOZH-PHC-3,31,54
KOZH-PHC-3,32,68
KOZH-PHC-3,33,42
KOZH-PHC-3,34,54
KOZH-PHC-3,35,71
KOZH-PHC-3,36,70
KOZH-PHC-3,37,79
KOZH-PHC-3,38,66
KOZH-PHC-3,39,70
KOZH-PHC-3,40,45
KOZH-PHC-3,41,47
KOZH-PHC-3,42,74
KOZH-PHC-3,43,54
KOZH-PHC-3,44,67
KOZH-PHC-3,45,73
KOZH-PHC-3,46,74
KOZH-PHC-3,47,40
KOZH-PHC-3,48,49
KOZH-PHC-3,49,53
KOZH-PHC-3,50,54
KOZH-PHC-3,51,54
KOZH-PHC-3,52,59
KOZH-PHC-3,53,58
KOZH-PHC-3,54,39
KOZH-PHC-3,55,35
KOZH-PHC-3,56,53
KOZH-PHC-3,57,58
KOZH-PHC-3,58,63
KOZH-PHC-3,59,60
KOZH-PHC-3,60,60
KOZH-PHC-3,61,51
KOZH-PHC-3,62,48
KOZH-PHC-3,63,74
KOZH-PHC-3,64,78
KOZH-PHC-3,65,70
KOZH-PHC-3,66,69
KOZH-PHC-3,67,68
KOZH-PHC-3,68,47
KOZH-PHC-3,69,44
KOZH-PHC-3,70,79
KOZH-PHC-3,71,57
KOZH-PHC-3,72,76
KOZH-PHC-3,73,67
KOZH-PHC-3,74,79
KOZH-PHC-3,75,34
KOZH-PHC-3,76,49
KOZH-PHC-3,77,61
KOZH-PHC-3,78,60
KOZH-PHC-3,79,56
KOZH-PHC-3,80,63
KOZH-PHC-3,81,53
KOZH-PHC-3,82,32
KOZH-PHC-3,83,31
KOZH-PHC-3,84,57
KOZH-PHC-3,85,61
KOZH-PHC-3,86,50
KOZH-PHC-3,87,49
KOZH-PHC-3,88,58
KOZH-PHC-3,89,32
KOZH-PHC-4,0,57
KOZH-PHC-4,1,125
KOZH-PHC-4,2,70
KOZH-PHC-4,3,58
KOZH-PHC-4,4,59
KOZH-PHC-4,5,46
KOZH-PHC-4,6,48
KOZH-PHC-4,7,82
KOZH-PHC-4,8,80
KOZH-PHC-4,9,72
KOZH-PHC-4,10,72
KOZH-PHC-4,11,58
KOZH-PHC-4,12,43
KOZH-PHC-4,13,54
KOZH-PHC-4,14,61
KOZH-PHC-4,15,59
KOZH-PHC-4,16,129
KOZH-PHC-4,17,51
KOZH-PHC-4,18,56
KOZH-PHC-4,19,39
KOZH-PHC-4,20,30
KOZH-PHC-4,21,62
KOZH-PHC-4,22,93
KOZH-PHC-4,23,49
KOZH-PHC-4,24,58
KOZH-PHC-4,25,51
KOZH-PHC-4,26,42
KOZH-PHC-4,27,41
KOZH-PHC-4,28,48
KOZH-PHC-4,29,64
KOZH-PHC-4,30,67
KOZH-PHC-4,31,65
KOZH-PHC-4,32,63
KOZH-PHC-4,33,48
KOZH-PHC-4,34,56
KOZH-PHC-4,35,68
KOZH-PHC-4,36,73
KOZH-PHC-4,37,69
KOZH-PHC-4,38,66
KOZH-PHC-4,39,70
KOZH-PHC-4,40,52
KOZH-PHC-4,41,51
KOZH-PHC-4,42,60
KOZH-PHC-4,43,71
KOZH-PHC-4,44,71
KOZH-PHC-4,45,61
KOZH-PHC-4,46,43
KOZH-PHC-4,47,36
KOZH-PHC-4,48,46
KOZH-PHC-4,49,59
KOZH-PHC-4,50,63
KOZH-PHC-4,51,48
KOZH-PHC-4,52,56
KOZH-PHC-4,53,47
KOZH-PHC-4,54,40
KOZH-PHC-4,55,41
KOZH-PHC-4,56,49
KOZH-PHC-4,57,46
KOZH-PHC-4,58,60
KOZH-PHC-4,59,70
KOZH-PHC-4,60,68
KOZH-PHC-4,61,43
KOZH-PHC-4,62,52
KOZH-PHC-4,63,67
KOZH-PHC-4,64,62
KOZH-PHC-4,65,78
KOZH-PHC-4,66,69
KOZH-PHC-4,67,55
KOZH-PHC-4,68,52
KOZH-PHC-4,69,48
KOZH-PHC-4,70,70
KOZH-PHC-4,71,75
KOZH-PHC-4,72,59
KOZH-PHC-4,73,57
KOZH-PHC-4,74,71
KOZH-PHC-4,75,47
KOZH-PHC-4,76,48
KOZH-PHC-4,77,67
KOZH-PHC-4,78,49
KOZH-PHC-4,79,55
KOZH-PHC-4,80,61
KOZH-PHC-4,81,49
KOZH-PHC-4,82,43
KOZH-PHC-4,83,35
KOZH-PHC-4,84,57
KOZH-PHC-4,85,47
KOZH-PHC-4,86,54
KOZH-PHC-4,87,70
KOZH-PHC-4,88,70
KOZH-PHC-4,89,41
JODH-CHC-1,0,57
JODH-CHC-1,1,43
JODH-CHC-1,2,63
JODH-CHC-1,3,44
JODH-CHC-1,4,52
JODH-CHC-1,5,43
JODH-CHC-1,6,31
JODH-CHC-1,7,51
JODH-CHC-1,8,48
JODH-CHC-1,9,53
JODH-CHC-1,10,45
JODH-CHC-1,11,47
JODH-CHC-1,12,41
JODH-CHC-1,13,37
JODH-CHC-1,14,55
JODH-CHC-1,15,55
JODH-CHC-1,16,45
JODH-CHC-1,17,58
JODH-CHC-1,18,46
JODH-CHC-1,19,40
JODH-CHC-1,20,35
JODH-CHC-1,21,49
JODH-CHC-1,22,52
JODH-CHC-1,23,43
JODH-CHC-1,24,38
JODH-CHC-1,25,48
JODH-CHC-1,26,33
JODH-CHC-1,27,24
JODH-CHC-1,28,45
JODH-CHC-1,29,48
JODH-CHC-1,30,51
JODH-CHC-1,31,45
JODH-CHC-1,32,42
JODH-CHC-1,33,40
JODH-CHC-1,34,37
JODH-CHC-1,35,56
JODH-CHC-1,36,51
JODH-CHC-1,37,71
JODH-CHC-1,38,59
JODH-CHC-1,39,37
JODH-CHC-1,40,31
JODH-CHC-1,41,46
JODH-CHC-1,42,54
JODH-CHC-1,43,96
JODH-CHC-1,44,80
JODH-CHC-1,45,45
JODH-CHC-1,46,49
JODH-CHC-1,47,30
JODH-CHC-1,48,34
JODH-CHC-1,49,49
JODH-CHC-1,50,50
JODH-CHC-1,51,38
JODH-CHC-1,52,34
JODH-CHC-1,53,41
JODH-CHC-1,54,40
JODH-CHC-1,55,24
JODH-CHC-1,56,49
JODH-CHC-1,57,57
JODH-CHC-1,58,50
JODH-CHC-1,59,49
JODH-CHC-1,60,63
JODH-CHC-1,61,39
JODH-CHC-1,62,34
JODH-CHC-1,63,104
JODH-CHC-1,64,49
JODH-CHC-1,65,50
JODH-CHC-1,66,44
JODH-CHC-1,67,47
JODH-CHC-1,68,26
JODH-CHC-1,69,43
JODH-CHC-1,70,66
JODH-CHC-1,71,61
JODH-CHC-1,72,50
JODH-CHC-1,73,66
JODH-CHC-1,74,59
JODH-CHC-1,75,41
JODH-CHC-1,76,43
JODH-CHC-1,77,36
JODH-CHC-1,78,48
JODH-CHC-1,79,57
JODH-CHC-1,80,35
JODH-CHC-1,81,39
JODH-CHC-1,82,23
JODH-CHC-1,83,28
JODH-CHC-1,84,34
JODH-CHC-1,85,44
JODH-CHC-1,86,34
JODH-CHC-1,87,33
JODH-CHC-1,88,42
JODH-CHC-1,89,41
JODH-PHC-2,0,49
JODH-PHC-2,1,50
JODH-PHC-2,2,61
JODH-PHC-2,3,70
JODH-PHC-2,4,46
JODH-PHC-2,5,38
JODH-PHC-2,6,39
JODH-PHC-2,7,57
JODH-PHC-2,8,68
JODH-PHC-2,9,55
JODH-PHC-2,10,44
JODH-PHC-2,11,55
JODH-PHC-2,12,26
JODH-PHC-2,13,44
JODH-PHC-2,14,48
JODH-PHC-2,15,45
JODH-PHC-2,16,65
JODH-PHC-2,17,36
JODH-PHC-2,18,45
JODH-PHC-2,19,28
JODH-PHC-2,20,46
JODH-PHC-2,21,46
JODH-PHC-2,22,48
JODH-PHC-2,23,37
JODH-PHC-2,24,39
JODH-PHC-2,25,45
JODH-PHC-2,26,31
JODH-PHC-2,27,22
JODH-PHC-2,28,37
JODH-PHC-2,29,48
JODH-PHC-2,30,55
JODH-PHC-2,31,46
JODH-PHC-2,32,42
JODH-PHC-2,33,32
JODH-PHC-2,34,34
JODH-PHC-2,35,56
JODH-PHC-2,36,53
JODH-PHC-2,37,46
JODH-PHC-2,38,62
JODH-PHC-2,39,49
JODH-PHC-2,40,45
JODH-PHC-2,41,28
JODH-PHC-2,42,79
JODH-PHC-2,43,44
JODH-PHC-2,44,49
JODH-PHC-2,45,56
JODH-PHC-2,46,40
JODH-PHC-2,47,27
JODH-PHC-2,48,23
JODH-PHC-2,49,48
JODH-PHC-2,50,41
JODH-PHC-2,51,31
JODH-PHC-2,52,38
JODH-PHC-2,53,66
JODH-PHC-2,54,33
JODH-PHC-2,55,24
JODH-PHC-2,56,19
JODH-PHC-2,57,42
JODH-PHC-2,58,55
JODH-PHC-2,59,51
JODH-PHC-2,60,48
JODH-PHC-2,61,40
JODH-PHC-2,62,47
JODH-PHC-2,63,58
JODH-PHC-2,64,59
JODH-PHC-2,65,52
JODH-PHC-2,66,51
JODH-PHC-2,67,67
JODH-PHC-2,68,23
JODH-PHC-2,69,35
JODH-PHC-2,70,42
JODH-PHC-2,71,55
JODH-PHC-2,72,52
JODH-PHC-2,73,59
JODH-PHC-2,74,46
JODH-PHC-2,75,30
JODH-PHC-2,76,29
JODH-PHC-2,77,51
JODH-PHC-2,78,46
JODH-PHC-2,79,42
JODH-PHC-2,80,36
JODH-PHC-2,81,48
JODH-PHC-2,82,34
JODH-PHC-2,83,26
JODH-PHC-2,84,38
JODH-PHC-2,85,45
JODH-PHC-2,86,53
JODH-PHC-2,87,49
JODH-PHC-2,88,42
JODH-PHC-2,89,37
JODH-PHC-3,0,62
JODH-PHC-3,1,64
JODH-PHC-3,2,71
JODH-PHC-3,3,73
JODH-PHC-3,4,72
JODH-PHC-3,5,57
JODH-PHC-3,6,56
JODH-PHC-3,7,72
JODH-PHC-3,8,80
JODH-PHC-3,9,73
JODH-PHC-3,10,59
JODH-PHC-3,11,65
JODH-PHC-3,12,51
JODH-PHC-3,13,45
JODH-PHC-3,14,70
JODH-PHC-3,15,46
JODH-PHC-3,16,57
JODH-PHC-3,17,55
JODH-PHC-3,18,58
JODH-PHC-3,19,37
JODH-PHC-3,20,36
JODH-PHC-3,21,63
JODH-PHC-3,22,50
JODH-PHC-3,23,42
JODH-PHC-3,24,49
JODH-PHC-3,25,53
JODH-PHC-3,26,39
JODH-PHC-3,27,33
JODH-PHC-3,28,54
JODH-PHC-3,29,60
JODH-PHC-3,30,55
JODH-PHC-3,31,72
JODH-PHC-3,32,53
JODH-PHC-3,33,32
JODH-PHC-3,34,42
JODH-PHC-3,35,62
JODH-PHC-3,36,68
JODH-PHC-3,37,75
JODH-PHC-3,38,74
JODH-PHC-3,39,72
JODH-PHC-3,40,42
JODH-PHC-3,41,43
JODH-PHC-3,42,61
JODH-PHC-3,43,55
JODH-PHC-3,44,69
JODH-PHC-3,45,66
JODH-PHC-3,46,63
JODH-PHC-3,47,36
JODH-PHC-3,48,35
JODH-PHC-3,49,61
JODH-PHC-3,50,51
JODH-PHC-3,51,55
JODH-PHC-3,52,48
JODH-PHC-3,53,45
JODH-PHC-3,54,35
JODH-PHC-3,55,37
JODH-PHC-3,56,43
JODH-PHC-3,57,65
JODH-PHC-3,58,62
JODH-PHC-3,59,64
JODH-PHC-3,60,45
JODH-PHC-3,61,38
JODH-PHC-3,62,62
JODH-PHC-3,63,65
JODH-PHC-3,64,64
JODH-PHC-3,65,84
JODH-PHC-3,66,64
JODH-PHC-3,67,58
JODH-PHC-3,68,48
JODH-PHC-3,69,42
JODH-PHC-3,70,52
JODH-PHC-3,71,58
JODH-PHC-3,72,54
JODH-PHC-3,73,64
JODH-PHC-3,74,48
JODH-PHC-3,75,28
JODH-PHC-3,76,38
JODH-PHC-3,77,65
JODH-PHC-3,78,42
JODH-PHC-3,79,50
JODH-PHC-3,80,50
JODH-PHC-3,81,54
JODH-PHC-3,82,42
JODH-PHC-3,83,39
JODH-PHC-3,84,56
JODH-PHC-3,85,61
JODH-PHC-3,86,55
JODH-PHC-3,87,48
JODH-PHC-3,88,59
JODH-PHC-3,89,34
JODH-PHC-4,0,89
JODH-PHC-4,1,74
JODH-PHC-4,2,97
JODH-PHC-4,3,90
JODH-PHC-4,4,89
JODH-PHC-4,5,62
JODH-PHC-4,6,54
JODH-PHC-4,7,85
JODH-PHC-4,8,88
JODH-PHC-4,9,95
JODH-PHC-4,10,82
JODH-PHC-4,11,98
JODH-PHC-4,12,54
JODH-PHC-4,13,57
JODH-PHC-4,14,72
JODH-PHC-4,15,77
JODH-PHC-4,16,88
JODH-PHC-4,17,85
JODH-PHC-4,18,73
JODH-PHC-4,19,46
JODH-PHC-4,20,55
JODH-PHC-4,21,62
JODH-PHC-4,22,64
JODH-PHC-4,23,76
JODH-PHC-4,24,66
JODH-PHC-4,25,69
JODH-PHC-4,26,55
JODH-PHC-4,27,59
JODH-PHC-4,28,74
JODH-PHC-4,29,73
JODH-PHC-4,30,95
JODH-PHC-4,31,82
JODH-PHC-4,32,78
JODH-PHC-4,33,54
JODH-PHC-4,34,70
JODH-PHC-4,35,88
JODH-PHC-4,36,102
JODH-PHC-4,37,84
JODH-PHC-4,38,102
JODH-PHC-4,39,88
JODH-PHC-4,40,52
JODH-PHC-4,41,46
JODH-PHC-4,42,94
JODH-PHC-4,43,87
JODH-PHC-4,44,77
JODH-PHC-4,45,97
JODH-PHC-4,46,71
JODH-PHC-4,47,55
JODH-PHC-4,48,93
JODH-PHC-4,49,72
JODH-PHC-4,50,74
JODH-PHC-4,51,140
JODH-PHC-4,52,73
JODH-PHC-4,53,68
JODH-PHC-4,54,35
JODH-PHC-4,55,48
JODH-PHC-4,56,63
JODH-PHC-4,57,73
JODH-PHC-4,58,74
JODH-PHC-4,59,80
JODH-PHC-4,60,73
JODH-PHC-4,61,54
JODH-PHC-4,62,54
JODH-PHC-4,63,98
JODH-PHC-4,64,90
JODH-PHC-4,65,104
JODH-PHC-4,66,97
JODH-PHC-4,67,90
JODH-PHC-4,68,58
JODH-PHC-4,69,61
JODH-PHC-4,70,114
JODH-PHC-4,71,84
JODH-PHC-4,72,84
JODH-PHC-4,73,98
JODH-PHC-4,74,69
JODH-PHC-4,75,66
JODH-PHC-4,76,68
JODH-PHC-4,77,64
JODH-PHC-4,78,79
JODH-PHC-4,79,77
JODH-PHC-4,80,58
JODH-PHC-4,81,77
JODH-PHC-4,82,40
JODH-PHC-4,83,42
JODH-PHC-4,84,59
JODH-PHC-4,85,75
JODH-PHC-4,86,61
JODH-PHC-4,87,63
JODH-PHC-4,88,86
JODH-PHC-4,89,64
